year_month,n_stocks_available,n_hold_total,avg_monthly_ur_total,demand_elasticity_total,n_hold_small,avg_ur_small,demand_elasticity_small,n_hold_medium,avg_ur_medium,demand_elasticity_medium,n_hold_large,avg_ur_large,demand_elasticity_large
199902,122,19,0.001149224447577899,134.33189441903298,0,,,0,,,0,,
199903,139,20,0.0011389943148459804,563.4991173492441,0,,,0,,,0,,
199904,150,17,0.0012182670207218829,90.88585309551388,0,,,0,,,0,,
199905,157,18,0.0012058166069440128,239.10451687847066,0,,,0,,,0,,
199906,163,21,0.0009512023471299111,332.59178155465855,0,,,0,,,0,,
199907,164,14,0.0009440459674905954,283.1200866482381,0,,,0,,,0,,
199908,164,14,0.000965214588914047,119.14990331718379,0,,,0,,,0,,
199909,168,15,0.0008387284463070034,120.07851406643394,0,,,0,,,0,,
199910,169,15,0.000843016641957104,366.2057905259942,0,,,0,,,0,,
199911,169,14,0.0009208001299968687,175.10674931482575,0,,,0,,,0,,
199912,169,15,0.0008567593303755238,182.84981789025957,0,,,0,,,0,,
200001,169,14,0.0009272999167146926,107.34857945768098,0,,,0,,,0,,
200003,173,13,0.001267730006602035,135.46634226379462,0,,,0,,,0,,
200004,173,18,0.0009755875594765228,155.23307935600718,0,,,0,,,0,,
200005,174,18,0.000986063543637832,241.39219595971826,0,,,0,,,0,,
200006,174,20,0.0008586052203031233,457.741802371541,12,0.0005264939128639684,730.4727834928484,0,,,0,,
200007,175,16,0.0010641763771723567,127.89979662445741,0,,,0,,,0,,
200008,175,19,0.0008702327771424597,356.92608305284676,0,,,0,,,0,,
200009,175,18,0.0009159211881566281,190.79290202634044,0,,,0,,,0,,
200010,175,17,0.0010118510123317988,124.35258811018869,0,,,0,,,0,,
200011,179,17,0.0010133356474900962,362.5883864485619,0,,,0,,,0,,
200012,182,16,0.001047765540787152,438.6966126371705,0,,,0,,,0,,
200101,184,15,0.0011299514666260949,322.2619688467118,0,,,0,,,0,,
200102,186,15,0.0011542304746807485,163.5720826605201,0,,,0,,,0,,
200103,188,15,0.0011190792369326324,176.49031219704284,0,,,0,,,0,,
200104,194,15,0.0011249860220494748,231.5686317625681,0,,,0,,,0,,
200105,198,14,0.0012361496851966615,147.14966434494437,0,,,0,,,0,,
200106,207,14,0.0013057730653100138,114.58532148217853,0,,,0,,,0,,
200107,216,15,0.00114008577576504,98.62621216390428,0,,,0,,,0,,
200108,232,15,0.0011377978117007423,95.46285033361755,0,,,0,,,0,,
200109,243,13,0.0013069970234576111,93.02109071817365,0,,,0,,,0,,
200110,253,14,0.0013358619195179707,94.03652705045377,0,,,0,,,0,,
200111,264,14,0.0014103763935854215,114.65217626347714,0,,,0,,,0,,
200112,277,15,0.0013022858168860554,179.8922713673549,0,,,0,,,0,,
200201,286,15,0.0013433500185004521,202.5991798376642,0,,,0,,,0,,
200202,290,16,0.0012225813211152656,140.59699002044198,0,,,0,,,0,,
200203,293,16,0.0012075723489894303,93.06826245059312,0,,,0,,,0,,
200204,295,16,0.001193759659571058,102.53458689773694,0,,,0,,,0,,
200205,304,18,0.00104204504429959,189.74721655020537,0,,,0,,,0,,
200206,320,17,0.0010787853787274208,100.994461597664,0,,,0,,,0,,
200207,342,18,0.0010109068520703086,83.27518745498764,0,,,0,,,0,,
200208,352,19,0.0009411829808683161,149.89486454664151,11,0.0008409864041806142,193.232581502204,0,,,0,,
200209,356,20,0.0008744154572096258,426.6444490195333,0,,,0,,,0,,
200210,359,18,0.0009696773139821648,200.61840429932207,0,,,0,,,0,,
200211,363,20,0.0008287705669118005,215.72323558257003,0,,,0,,,0,,
200212,368,18,0.0009111159550479354,333.7814054181083,0,,,0,,,0,,
200301,370,21,0.0008166393367896609,275.10658104390563,0,,,0,,,0,,
200302,374,17,0.0010032946489070028,84.3444622748056,0,,,0,,,0,,
200303,377,17,0.0009773085983090213,85.39274265253259,0,,,0,,,0,,
200304,380,17,0.0009668684673620941,1229.0401071499118,0,,,0,,,0,,
200305,385,15,0.0011073707263734285,640.3994210841532,0,,,0,,,0,,
200306,392,13,0.0012159573874227696,229.3457975673395,0,,,0,,,0,,
200307,401,13,0.0011947828067477388,204.75699646479492,0,,,0,,,0,,
200308,403,11,0.0014465581924056872,142.9178224910624,0,,,0,,,0,,
200309,406,12,0.001294086292526438,149.21750447696743,0,,,0,,,0,,
200310,409,12,0.001319414624162864,153.7300327172439,0,,,0,,,0,,
200311,413,11,0.0013655522831904823,1540.966202074597,0,,,0,,,0,,
200312,417,11,0.0013815542353404083,213.42166688781262,0,,,0,,,0,,
200401,421,14,0.001016992377919342,211.7149340462027,0,,,0,,,0,,
200402,425,14,0.001029211708934773,353.00007195861315,0,,,0,,,0,,
200403,426,14,0.0010557725007510272,198.40234518873322,0,,,0,,,0,,
200404,429,15,0.0009355923463566297,1007.6356684438013,0,,,0,,,0,,
200406,437,14,0.0008767685403758133,230.05280483607098,0,,,0,,,0,,
200408,447,14,0.0010312624283665887,82.80047334109354,0,,,0,,,0,,
200409,452,12,0.0012223113938487787,592.7544928798004,0,,,0,,,0,,
200410,453,13,0.0010803646800437235,116.96895219485108,0,,,0,,,0,,
200411,455,13,0.0010906114519083508,87.7010448090874,0,,,0,,,0,,
200412,459,15,0.000980106221029926,101.11660764057207,0,,,0,,,0,,
200501,463,16,0.0009276365552038331,98.17521424270083,0,,,0,,,0,,
200502,466,14,0.0011432343200357064,164.56293970719545,0,,,0,,,0,,
200503,467,14,0.001085849764400166,105.85932960287728,0,,,0,,,0,,
200504,469,12,0.0012514058387584086,70.33198827799653,0,,,0,,,0,,
200505,472,13,0.001163111075020628,385.14165941242874,0,,,0,,,0,,
200506,476,15,0.0010200829554818421,120.70589489030425,0,,,0,,,0,,
200507,487,13,0.0011752960513336176,187.3544940993101,0,,,0,,,0,,
200508,500,14,0.001203752981091972,80.96313726261862,0,,,0,,,0,,
200509,502,17,0.0010007900675188725,269.8153099646939,0,,,0,,,0,,
200510,505,15,0.001202886117435775,44.59762362734754,0,,,0,,,0,,
200511,509,15,0.001227148844739269,57.15146119417964,0,,,0,,,0,,
200512,520,15,0.0011588618144972337,111.8858995221563,0,,,0,,,0,,
200601,544,17,0.001042222356910689,747.035795916224,0,,,0,,,0,,
200602,556,16,0.0010789723843278474,115.05656480760013,0,,,0,,,0,,
200603,567,16,0.001065539617738303,129.73505335241236,0,,,0,,,0,,
200604,579,15,0.0011369730786298584,60.398111659705506,0,,,0,,,0,,
200605,581,15,0.001247178107343316,31.980724658009375,0,,,0,,,0,,
200606,587,17,0.0010430469749966177,105.60184529891701,0,,,11,0.0009928949235182957,153.13126857876247,0,,
200607,595,18,0.000981310399045185,292.8295088239058,0,,,0,,,0,,
200608,598,18,0.0010236449296215438,127.43386250258143,0,,,0,,,0,,
200609,609,18,0.0010370910969964085,103.77867974206214,0,,,0,,,0,,
200610,612,16,0.0011990734520328633,161.52510299231372,0,,,0,,,0,,
200611,612,16,0.0012445673942065181,85.02617243662755,0,,,0,,,0,,
200612,611,16,0.001123450607239594,247.82828130072284,0,,,0,,,0,,
200701,618,18,0.0010238968266140507,121.8433499840607,0,,,0,,,0,,
200702,622,25,0.0006798833410484885,239.6763395446136,0,,,14,0.0006585251139150938,291.0492533650194,0,,
200703,625,24,0.0006741731723209592,160.52982755826537,0,,,0,,,0,,
200704,629,21,0.0007993976738188262,91.07837310151959,0,,,0,,,0,,
200705,631,20,0.000854376334315563,88.44218794272918,0,,,0,,,0,,
200706,635,19,0.0009563581568391457,393.9271563038732,0,,,0,,,0,,
200707,643,20,0.0008163313261070374,136.9159220676422,0,,,0,,,0,,
200708,652,19,0.0013769382264657822,117.94015676728074,0,,,0,,,0,,
200709,661,19,0.001424012602920146,137.28263336201775,0,,,0,,,0,,
200710,669,23,0.0011769727160360385,300.2165943716778,12,0.0012559939085333876,365.7137580838166,0,,,0,,
200711,675,23,0.001179029345082641,353.37425944419863,13,0.0011879744543861555,521.0713145318995,0,,,0,,
200712,679,23,0.0011405659190039676,253.22029641144402,12,0.0011949964470002433,383.3950825055526,0,,,0,,
200801,682,21,0.0012883393630602174,285.17565753124046,14,0.0011468574891481853,407.01534080594945,0,,,0,,
200802,687,24,0.001134293179306655,156.68705662703158,12,0.001231163977058885,220.65171021410404,0,,,0,,
200803,690,26,0.0010118062562008594,265.2199756710951,11,0.0010824425331747449,407.30796901249107,0,,,0,,
200804,695,28,0.000977267788822456,211.46609318708718,12,0.0012704030050417305,153.13696472241304,0,,,0,,
200805,700,22,0.0013648633424332619,114.3465205806972,11,0.0013208709428225488,106.5881130639817,0,,,0,,
200806,702,31,0.0009307601745288851,273.1033437093467,12,0.000934627916927592,405.1960628500492,15,0.0008311157067555109,229.87257263115495,0,,
200807,709,32,0.0008896313659867819,671.4348882721591,11,0.0010097500844331087,326.92906359665267,16,0.0007642213188607458,1020.6849276662085,0,,
200809,727,28,0.000860445362674384,272.2773391699649,0,,,15,0.0005664486421742856,219.44138326881892,0,,
200810,734,24,0.0011145913338732624,125.92180298326322,13,0.0013035291801533123,112.02394593739807,0,,,0,,
200811,739,23,0.0011753439908947845,99.44714382795306,11,0.001504797788713723,95.57661775646558,0,,,0,,
200812,742,24,0.0011919675798699333,334.0894930250418,13,0.0017025357449985284,94.87402400472516,0,,,0,,
200901,747,19,0.0014150829688063381,132.23176319595163,13,0.0017980674540039104,146.41906669489794,0,,,0,,
200902,750,19,0.0014044793096631366,120.63117399667549,12,0.0018413854781760923,64.49176791954098,0,,,0,,
200903,753,20,0.001375720921448613,668.8565012909318,13,0.0017895953765243251,65.84111577244931,0,,,0,,
200904,763,23,0.0013159894756276701,198.18123719373244,13,0.0019180073182059724,154.74197474991576,0,,,0,,
200905,775,24,0.0013251051977297343,136.01033866502897,13,0.001959671496135712,101.56702865786755,0,,,0,,
200906,785,22,0.0013892416390379539,57.53069247495842,12,0.0021150999765857026,49.62698131513259,0,,,0,,
200907,797,24,0.0012987872283501574,288.53468414412356,14,0.0019246624395324464,84.6078476758854,0,,,0,,
200908,802,21,0.0014383282687493578,202.17439152485062,15,0.0017922048589566549,261.0581296152323,0,,,0,,
200909,806,23,0.0013976300052801565,203.79762198571393,14,0.0019696004718446868,84.25187332979219,0,,,0,,
200910,807,24,0.0013709768465501907,551.5495253129219,16,0.0017870635489142684,737.4013257657768,0,,,0,,
200911,807,24,0.001411162274260535,116.04551402075515,14,0.0020282827293439695,107.03093709640608,0,,,0,,
200912,807,22,0.0015814677406427876,107.59709154629059,14,0.0019975962064190268,133.6852990762007,0,,,0,,
201001,805,23,0.0015419958077103279,699.8756075672359,13,0.0020189943642321515,1193.8965834666535,0,,,0,,
201002,804,24,0.001480306872666022,290.6082067459418,14,0.0019420100824469393,163.59064287427492,0,,,0,,
201003,801,22,0.0016600964568119119,102.67522064498057,13,0.001991469845793869,127.07932361690843,0,,,0,,
201004,801,24,0.0016406589998612488,74.13361865821702,13,0.002032721660890811,75.61199051250229,0,,,0,,
201005,802,25,0.001659422394286566,587.5958998183072,14,0.002116891793695389,981.4778453220689,0,,,0,,
201006,802,25,0.00159967007096329,400.4052819363815,12,0.0021157695256654083,592.819677482519,0,,,0,,
201007,802,27,0.001599742430310478,122.71541870173671,0,,,14,0.0012514945253591044,176.75827800710863,0,,
201008,802,27,0.0016647820785613717,202.23737653933725,11,0.0023313163228284675,84.48397968056639,12,0.0015532720313209678,341.4751927984737,0,,
201009,802,24,0.001830799646939732,78.28834769826265,0,,,0,,,0,,
201010,802,26,0.001690032290950377,129.88911598683165,12,0.002351487588976265,63.38382187768346,11,0.0012497724119490468,232.4006991888339,0,,
201011,802,27,0.001695620233219436,180.32128019706397,0,,,13,0.00198664546085606,141.1505474114786,0,,
201012,802,26,0.0017739218251040677,132.0437720940335,0,,,12,0.002146612498040287,134.14970897694042,0,,
201102,802,26,0.0017353051986093288,70.87872203956293,0,,,13,0.001943937060754689,88.3988924955633,0,,
201103,801,26,0.001717164624122121,66.12539151003537,0,,,13,0.0013945528807445878,86.27436306598926,0,,
201104,801,26,0.0017268806069609013,79.80830780496197,11,0.0019656578217196134,120.3725253738137,11,0.0016775977142158228,52.03198647347224,0,,
201105,801,25,0.0017986380666030128,69.92708941817364,12,0.0023859773455977016,91.67454985312325,11,0.0010887901019029265,57.376804387957826,0,,
201106,801,31,0.0014070739526157437,199.31573938725276,13,0.0015761850093167116,208.68300599557793,14,0.001358528013048562,233.98797373842294,0,,
201107,802,30,0.0014588922873858062,365.9196082941763,13,0.002114706740884226,321.2377475359565,14,0.0008817801975836167,478.2997182921055,0,,
201108,804,28,0.0016092785889203118,245.19979575668944,12,0.00241377166793178,80.90219150061084,12,0.0010184354970288907,472.5663230971075,0,,
201109,805,30,0.0014652691323458174,148.18648775809913,12,0.002084282171973008,217.4865861335911,14,0.0010974057444424889,111.49052612349642,0,,
201111,809,29,0.0016474029238336746,242.67262794349196,11,0.002522350145366867,128.7699781442398,14,0.0011626632629034921,369.4773673252026,0,,
201112,810,28,0.0016718594011027952,247.9100591905652,11,0.0021133046122765366,431.2988584909608,12,0.0015869023646441572,152.69063801212084,0,,
201201,813,22,0.0015021017825794666,68.71991395581252,0,,,12,0.001312214477270538,82.15883951576797,0,,
201202,815,22,0.0013183657674905047,275.27647212062305,0,,,0,,,0,,
201203,816,20,0.0014758590815267243,107.4998557008189,0,,,0,,,0,,
201204,816,19,0.0015516270318491911,60.872120408834824,0,,,11,0.001375719647372401,70.08487805848937,0,,
201205,820,23,0.0010996902265851274,98.60226861987074,0,,,11,0.0010736031037602378,64.44378520376644,0,,
201206,821,22,0.0011568605278228646,347.2645315241329,0,,,0,,,0,,
201207,822,19,0.0014312005359732637,145.22740183576724,0,,,0,,,0,,
201208,824,23,0.0010538739301466707,166.68547957972382,0,,,0,,,0,,
201209,824,22,0.0011726598448757663,202.4961439332723,0,,,0,,,0,,
201210,827,24,0.0012694923970223446,154.1619812106142,0,,,13,0.0014207761050571293,226.29843182180522,0,,
201211,828,24,0.0013539500003323893,130.51209493727808,0,,,13,0.0015528182005488992,186.02033978688073,0,,
201212,829,25,0.001191010479575139,291.201856557699,0,,,15,0.0012883692015863168,84.09234954333664,0,,
201301,835,27,0.0011229014505335399,253.20163078546588,0,,,15,0.0011650095221032713,201.35942269251598,0,,
201302,835,25,0.0011365315322233824,168.2250359121478,0,,,13,0.0010598110160574198,181.80030866096882,0,,
201303,836,23,0.0013071597611806574,172.09492653332995,0,,,11,0.0013680227588350104,297.7913736300758,0,,
201304,837,22,0.001411797014333607,68.49424527369379,0,,,11,0.0014917458754726944,75.53573507648768,0,,
201305,839,24,0.00137130991007437,277.5443783624524,0,,,0,,,0,,
201306,839,27,0.0012141737749282175,269.9356305477175,0,,,14,0.0011452130225168401,110.92516089294529,0,,
201307,839,25,0.001321095880473509,80.35536666677908,0,,,12,0.0012820094617171113,49.72241809848475,0,,
201308,838,24,0.0015017555241932969,488.17533483656797,0,,,15,0.0017936668719314946,58.61241630739443,0,,
201309,839,24,0.001507870448971752,538.8087949204324,0,,,15,0.0015083327511997266,716.9290340106897,0,,
201310,839,23,0.0015639060125374755,178.22429718316997,0,,,16,0.0017007752476306238,242.43509380547795,0,,
201311,839,26,0.0014444042543013255,232.33010079195586,0,,,16,0.0018967203107781447,267.9361966574871,0,,
201312,839,26,0.0014881041466247168,66.64010921035624,0,,,13,0.0023728442269181486,62.85948368903991,11,0.0006486198255334065,48.374040832961875
201401,840,29,0.0013430711263271145,311.34458967222724,0,,,16,0.001108553707461969,370.77608536137916,0,,
201402,840,30,0.0014592960564577709,241.3844109322704,0,,,15,0.001902475361872988,360.0024782733109,13,0.0010543775591303128,127.54090929265786
201403,840,31,0.0014019750480485462,336.78999402276287,0,,,16,0.0018098690374048125,222.6119587496115,12,0.0010790082060995138,108.17636206636179
201404,840,29,0.0013890766515700015,190.05191402280715,0,,,14,0.0017079136676242071,209.5643579393658,11,0.0012392643291063129,118.52533335566528
201405,840,27,0.0009914575038871662,208.63796902567427,0,,,15,0.0008180241801296538,336.3970436825956,0,,
201406,840,25,0.001093844098212911,1573.5970980231543,0,,,15,0.0008840796839692616,120.98835768562445,0,,
201407,839,28,0.0010757270005575359,846.5546562830924,0,,,15,0.0006870838208334451,1531.770593383914,0,,
201408,841,36,0.0009159268058044723,233.17124227017516,0,,,18,0.00047782909795490513,269.0087719371074,11,0.0014933962460215188,70.57219652787707
201409,842,32,0.0010707378292825085,94.15372601452972,0,,,17,0.0005922794502939933,142.7321598458495,12,0.0016972307449893487,26.296133360072172
201410,843,27,0.0013073894505556234,84.30023199656272,0,,,14,0.00097678055603755,135.0009481935719,0,,
201411,844,28,0.001259861689461441,177.6345377128201,0,,,13,0.0010192687698774951,94.91238508835433,11,0.0014472296820999188,315.4248688404752
201412,845,24,0.001471411073354199,36.65691103705967,0,,,0,,,0,,
201501,848,22,0.0016221707878824874,67.97096338913259,0,,,0,,,0,,
201502,852,25,0.001501943904356481,58.52677273398213,0,,,11,0.0012220689114525866,65.57027184811781,0,,
201503,857,26,0.001531916900012455,105.77535332264166,0,,,11,0.0011299074053151498,134.75308569181212,0,,
201504,861,27,0.0014987170809772656,193.3426551989678,0,,,12,0.0011469360440228109,382.2461234233997,0,,
201505,862,24,0.001676207690097611,69.7633996573778,0,,,0,,,0,,
201506,859,26,0.0014955003042648831,295.8808044720095,0,,,0,,,0,,
201507,859,29,0.0013501474879486495,226.61731864499257,0,,,13,0.0012338737615084844,120.20457751189481,0,,
201508,861,31,0.0011780545212634337,237.19798086915367,0,,,13,0.0009591826472789105,447.0758713528733,0,,
201509,864,30,0.0012202903159667198,130.29443500904623,0,,,12,0.001170404057460375,102.21832530781104,11,0.0014181064749456624,54.48910761130815
201610,864,29,0.0012933026895837472,140.24536882623795,0,,,16,0.001173137422497333,153.4583498053039,0,,
201611,867,27,0.0014004609510834462,90.31064514159276,0,,,14,0.0012403108473717998,88.78244452985236,0,,
201701,873,30,0.0012284806765753271,370.42978493203924,0,,,13,0.001223384128378317,796.0059716409183,13,0.001171448043908783,30.586596207449308
201702,878,31,0.0011939749487992536,122.70171692968444,0,,,14,0.0012704510094911944,132.97813577479945,13,0.0010246175387974552,126.19911561858149
201703,880,28,0.001320302574609451,94.63831595788237,0,,,15,0.001330888454149773,141.04888413356522,0,,
201704,884,28,0.0013200160631080414,266.3012630077537,0,,,12,0.0013434576095311688,135.0159266280674,0,,
201705,885,28,0.001328846483877965,64.60904542259289,0,,,11,0.0013386745122604487,97.68629339659354,12,0.0012038192509608702,33.9430543061874
201706,891,27,0.0013907870081637237,62.14512672574111,0,,,0,,,11,0.0014152273626807158,33.1884092659237
201707,896,28,0.0013595010318986224,233.4055929226259,0,,,12,0.0015078460715400902,110.72095978386147,0,,
201708,896,31,0.0012664108030191266,160.5031605083329,0,,,14,0.0011573750914500587,129.41286302463956,0,,
201709,901,29,0.0013658894111024916,92.67726808169076,0,,,11,0.0011595787548807433,180.21796634591868,12,0.0015583208556503587,25.835435397422454
201806,905,29,0.0013327420639186736,126.85542160429505,0,,,12,0.0012405612869393322,96.18430118128323,0,,
201807,907,31,0.0012292905791284278,920.258249643622,0,,,11,0.001391370313950435,51.23847850277104,13,0.0012107617250758798,28.722740594382405
201808,907,28,0.001367448375889305,44.24832587882019,0,,,0,,,13,0.001471539508654209,18.88814429877143
201809,909,34,0.0010989015546941671,95.85802831122723,0,,,13,0.0008786114775004305,110.54889930185597,13,0.0014493970336800718,22.519095256746272
201810,909,33,0.001124975902130693,73.92666947106542,0,,,15,0.0007508906019525047,97.18836997108065,11,0.0016152112790080398,29.89784549866662
201811,912,27,0.0013705921603114125,46.25482163225115,0,,,13,0.0008797498693007857,68.85401287194291,0,,
201812,914,33,0.001114237990636787,242.39848588344128,0,,,12,0.0008033277012836499,504.1373181145188,13,0.0014134131403065705,36.42389312325904
201901,917,34,0.0010535935731060308,237.4196676968113,0,,,12,0.0007672833094907657,248.91128581897496,13,0.0013809956432726605,86.73715500555157
201902,922,34,0.0010634866450883907,107.24394737159778,0,,,14,0.0007771023616301121,161.40562605250327,13,0.0013706720645141703,60.92963237527912
201903,924,34,0.0009851076023755358,272.8061229172807,12,0.0006830823555785118,289.47620161363676,0,,,12,0.001357473971221159,224.84598442241963
201904,927,35,0.000980136220950587,368.6289374099531,12,0.0007369027715473407,727.7548681643385,0,,,15,0.0011370120208377848,166.5639269948074
201905,931,32,0.0010808485484393778,77.46105308983684,0,,,0,,,15,0.0011003298561465334,57.41042081368319
201910,930,30,0.0011129651845945923,207.66081541990735,0,,,0,,,12,0.0010989854249569108,64.9731789991934
201911,931,29,0.0011549280873115859,140.69782522234553,0,,,0,,,12,0.0011076660472735364,66.82083392708746
201912,931,31,0.00106870159746642,146.1485397487637,0,,,0,,,12,0.0010936094245510926,102.78062359042251
202001,930,30,0.0011174577819974805,171.92878348245688,0,,,0,,,11,0.0011873666848261112,100.92383505515471
202002,930,27,0.001239052063110645,308.0723662237376,0,,,0,,,0,,
202003,929,26,0.001265169382041697,112.18364301713518,0,,,0,,,0,,
202004,929,32,0.0010390505809505762,375.2797200885452,12,0.0010223191936875192,450.3371964959446,0,,,0,,
202005,929,29,0.001160822171964019,253.510439201179,0,,,0,,,0,,
202006,929,26,0.0013142461092467733,69.42702018696261,0,,,0,,,0,,
202007,928,25,0.0014541260794928693,71.47676403546141,0,,,0,,,0,,
202008,927,27,0.0013352659803933169,148.8465322422159,0,,,0,,,0,,
202009,925,29,0.0012893909054948504,133.80071629200893,13,0.0010754237614538603,235.3444919893456,0,,,0,,
202010,925,26,0.0012902690243361745,510.8304449324654,15,0.0010964538593399786,840.874547794447,0,,,0,,
202011,925,25,0.001236846163232328,397.73372970648927,13,0.0010439333138308057,545.4894976190456,0,,,0,,
202012,925,25,0.001259469740604475,494.15246810438583,12,0.0011716702191777258,133.03084697575653,0,,,0,,
202101,926,23,0.0012756813135860203,249.66365800451118,0,,,11,0.0008792397716294692,106.25322999914711,0,,
202103,931,21,0.0014488264996558734,62.30702119890706,0,,,0,,,0,,
202104,926,23,0.001390803599096833,59.30196673879562,0,,,0,,,0,,
202105,925,24,0.0013050475274118218,152.4680906744039,0,,,0,,,0,,
202106,923,26,0.0011956437839312788,210.16253006436867,0,,,11,0.0009614151733075019,275.89119599029,0,,
202107,924,27,0.0011998722497068648,824.756148638721,0,,,14,0.0009248246437461732,566.3651812345254,0,,
202108,927,27,0.0012246587178009994,134.9050930384516,0,,,13,0.0008807585333871676,160.8311220968141,0,,
202110,936,31,0.001049767699092974,101.09248552077784,0,,,13,0.0009153768038540874,82.05540173121702,12,0.0008594309470813694,38.933460051325575
202111,941,32,0.0010013262440994497,467.44070599414954,0,,,13,0.0008481499899174054,110.47096798978365,13,0.0008040152661264252,64.60692861050295
202112,947,30,0.001055215253809058,133.1299773906144,0,,,12,0.0009211441042205762,70.68393021961286,0,,
202201,956,32,0.0010360509006533763,125.74382744580468,0,,,13,0.0009381839068115627,153.2161640506092,0,,
202202,968,31,0.001102485055498843,97.01873611196075,0,,,14,0.0009943716330901697,99.27374567418939,0,,
202203,976,30,0.0011702053155305471,855.2846580618476,0,,,14,0.0008007043900149713,1766.3508241164543,0,,
202204,991,31,0.0012613259017314165,83.08724367212284,0,,,16,0.0014568099284489678,63.02624079139783,0,,
202205,1001,35,0.0011676582599326312,113.39614430051476,13,0.0008958345661355556,217.36985107590274,13,0.0011753649992014255,76.49324052029743,0,,
202207,1022,43,0.001319466821124672,197.43054477526312,17,0.0007655014849208133,264.201429907458,18,0.001726056261626292,216.74683849558937,0,,
202208,1019,32,0.0011868114187499291,306.83468616716897,14,0.0008249719340481397,274.28039853393574,11,0.0012795597585575078,158.37326537554793,0,,
202209,1019,39,0.000984999991037022,202.16098410700695,14,0.000675385182169273,266.82599135233943,18,0.0009905024508940847,214.47534524676186,0,,
202210,1083,33,0.0011364565764280083,948.5484020111088,13,0.0007469341186337985,874.8622221025877,13,0.001355179308322458,1518.2007167026231,0,,
202211,1095,32,0.00119764297119554,295.44634138937994,14,0.0009829116546578123,421.2880882329538,11,0.0013452769389489616,291.63041704627256,0,,
202212,1110,30,0.0012266114426945907,138.64534846692726,14,0.0009386291768153189,230.04036205954958,12,0.0012844753264358378,75.58551071131842,0,,
202301,1132,31,0.0011818372437385177,266.85374274263296,12,0.0011682371324624422,119.43348547553681,14,0.0010323848646465743,477.5405898504224,0,,
202302,1158,39,0.0009875964822276889,225.60226066427973,15,0.000970205835910593,240.2801580724393,18,0.0008387995146058541,281.49453021486477,0,,
202303,1174,36,0.0010649888096636144,217.20229240362494,16,0.0011085660316694735,190.01483664291837,15,0.0008556254357317952,303.9426035157069,0,,
202304,1195,38,0.0010007037168152733,648.8840161310451,16,0.0009831576029116005,1274.0930838171394,17,0.0008572494125302722,221.7539055282412,0,,
202305,1212,36,0.0011167127967884561,327.17165197974873,14,0.0009705497554652747,684.0097949629096,17,0.0010105237116831809,126.89792169340835,0,,
202307,1243,39,0.0010991930630580044,106.29218690424808,15,0.001091509785514581,162.54854927955134,17,0.0009752808103897171,93.68524077338554,0,,
202308,1255,40,0.001003893450876838,658.3067671968901,18,0.0010049323114199116,590.2245887410885,15,0.0007852061619074009,1040.2557834128024,0,,
202309,1273,39,0.0009371662320551014,238.24283149470335,19,0.0009249317508035941,309.24527411394104,13,0.0007054913396453115,253.83566703317186,0,,
202310,1364,41,0.0009444903504072676,388.29785652415853,20,0.0007664323987709154,300.94696528814154,15,0.0009048609552771352,654.583573160668,0,,
202311,1371,43,0.0009451525509799224,242.5916610636774,19,0.0007702468859865821,424.9786263715511,17,0.0008324450513646072,132.61052116918933,0,,
202312,1377,48,0.0008958371996339,466.7375546888011,24,0.0008201392123145251,811.3206588111902,17,0.0006466872668395707,166.78064931736526,0,,
202401,1381,46,0.0009345324677674128,275.8705997636976,20,0.0008442047183905673,362.80320658471754,19,0.0007259261732432528,281.0942032387631,0,,
202402,1385,43,0.000992120205638827,555.3265204036481,18,0.0010713051177232914,1015.2024949242534,17,0.0006416443887538125,321.1826421227625,0,,
202403,1386,38,0.001102099543536466,360.8856484168623,20,0.000978374373723156,177.00714810669805,12,0.0011082954663933192,818.2459627864463,0,,
202404,1388,41,0.0010457866747146738,159.8303915121054,23,0.0008315234549415964,223.723711782426,12,0.0012749119847326783,95.74156160458288,0,,
202405,1389,41,0.0010488717068479715,120.22844463561859,21,0.0008158007357063333,168.73335600354275,13,0.0013530850333316388,63.000695686952035,0,,
202406,1399,42,0.000990548695323821,144.12778332494776,21,0.0007732794187278508,215.43808889967534,14,0.0012060001955284273,84.19141713734166,0,,
202407,1398,41,0.001238955666802531,387.08905933110105,18,0.0007076146819038456,277.5091714369188,17,0.0015946434138125513,633.3488158567917,0,,
202408,1394,43,0.0011818136963132947,240.1380345827003,19,0.0006541209722964433,390.0089400195965,18,0.0015482213974577648,145.5106021090034,0,,
202409,1395,41,0.0012237157256485482,196.72153376956447,18,0.0007327020270023423,203.77720324790505,18,0.0014695932309141833,240.80142936270587,0,,
202410,1420,40,0.0010728585816319127,201.1743057590122,16,0.0010131083547540109,300.4266333005654,16,0.0009256321213828706,171.99277066491186,0,,
202411,1423,39,0.0011055144897002766,157.5032646762184,16,0.0008502903753200451,197.47979572346347,15,0.0011404224825506501,127.1804525980871,0,,
202412,1426,42,0.0010575397759659017,172.209284259517,18,0.0007947098452785944,269.19471690678364,17,0.0012573681067205265,106.81912916543665,0,,
202501,1431,44,0.0009982710812223986,283.868060809966,19,0.0007615840615203463,471.46610914172675,19,0.0012894183450308236,172.35363779155912,0,,
202503,1437,42,0.0009405974236697907,972.4492007155521,19,0.000816926079116214,191.56139125313214,17,0.0011681956477671814,1580.2054172717963,0,,
202504,1436,43,0.000924690325904827,275.44651424445505,20,0.000751671565086019,475.63612540317143,18,0.0011600722917630114,101.63216681275068,0,,
