year_month,n_stocks_available,n_hold_total,avg_monthly_ur_total,demand_elasticity_total,n_ind_A,ur_ind_A,elas_ind_A,n_ind_C,ur_ind_C,elas_ind_C,n_ind_E,ur_ind_E,elas_ind_E,n_ind_I,ur_ind_I,elas_ind_I,n_ind_K,ur_ind_K,elas_ind_K,n_ind_L,ur_ind_L,elas_ind_L,n_ind_F,ur_ind_F,elas_ind_F,n_ind_J,ur_ind_J,elas_ind_J,n_ind_R,ur_ind_R,elas_ind_R,n_ind_D,ur_ind_D,elas_ind_D,n_ind_G,ur_ind_G,elas_ind_G,n_ind_B,ur_ind_B,elas_ind_B,n_ind_S,ur_ind_S,elas_ind_S,n_ind_N,ur_ind_N,elas_ind_N,n_ind_M,ur_ind_M,elas_ind_M
199902,122,18,0.0012052498823578227,102.07225399293026,1.0,,,11,0.001188647292338379,111.0604790780918,1.0,,,2.0,0.0006646185509191774,102.49228151089021,3.0,0.0017909447436883833,71.73661892455296,,,,,,,,,,,,,,,,,,,,,,,,,,,,,,
199903,139,19,0.001192345563608862,312.38095906260065,1.0,,,11,0.0011639667084983978,476.7857605961741,1.0,,,2.0,0.0006565422146249044,114.58564384189236,3.0,0.0017482349503956764,78.14506799813216,1.0,,,,,,,,,,,,,,,,,,,,,,,,,,,,,
199904,150,16,0.0012865383098436282,67.69565009019581,1.0,,,9,0.0012840159860007985,64.45261223603171,1.0,,,2.0,0.0008432302758950065,95.0128193329425,2.0,0.0020039037836030995,28.012405052927967,1.0,,,,,,,,,,,,,,,,,,,,,,,,,,,,,
199905,157,17,0.0012750488251522267,161.74317158617586,1.0,,,9,0.0011860378880164757,244.23021190904305,1.0,,,2.0,0.0007176986621690622,108.70279646386027,2.0,0.0018622409047167384,33.6091077574129,1.0,,,1.0,,,,,,,,,,,,,,,,,,,,,,,,,,
199906,163,21,0.0009512023471299111,301.10916653650304,,,,11,0.000987617827141389,194.6428560451852,1.0,,,2.0,0.000851778290691529,152.70281404428076,3.0,0.0011221951715406988,97.02250638390156,1.0,,,3.0,0.0008371654495815954,1146.2459758352813,,,,,,,,,,,,,,,,,,,,,,,,
199907,164,14,0.0009440459674905954,235.0154890960805,,,,9,0.0012004158387830918,63.94522284832627,,,,2.0,0.0002786102982995901,1204.8629868154906,1.0,,,1.0,,,1.0,,,,,,,,,,,,,,,,,,,,,,,,,,
199908,164,14,0.000965214588914047,112.94663343349146,,,,9,0.0012422704660950722,66.33667810771051,,,,1.0,,,1.0,,,1.0,,,1.0,,,1.0,,,,,,,,,,,,,,,,,,,,,,,
199909,168,15,0.0008387284463070034,104.09529369651385,,,,9,0.001152102062773267,64.41298967884333,,,,2.0,0.00033342815668284463,196.13543725934102,2.0,0.00044910106955272906,136.00139640941833,1.0,,,1.0,,,,,,,,,,,,,,,,,,,,,,,,,,
199910,169,15,0.000843016641957104,306.67504548237025,,,,9,0.0011960955628207985,91.95194757878672,,,,2.0,0.00025344107404640445,1432.7174137891182,2.0,0.00041076751641962834,193.616883942622,1.0,,,1.0,,,,,,,,,,,,,,,,,,,,,,,,,,
199911,169,14,0.0009208001299968687,155.45017540503403,,,,8,0.0013526972404715996,35.49456367999025,,,,2.0,0.0002457509315627762,519.5258865461401,2.0,0.0005011838139251998,171.31479883117987,1.0,,,1.0,,,,,,,,,,,,,,,,,,,,,,,,,,
199912,169,15,0.0008567593303755238,230.51765119069887,,,,8,0.001352786498865089,38.8176367219549,,,,2.0,0.00024191985694621668,503.122900868997,2.0,0.00045323127122321377,194.20865827749446,1.0,,,1.0,,,1.0,,,,,,,,,,,,,,,,,,,,,,,
200001,169,14,0.0009272999167146926,140.17277366471427,,,,8,0.0014048757630236836,38.86150526009219,,,,1.0,,,2.0,0.0003732670871238263,358.04765633230164,1.0,,,1.0,,,1.0,,,,,,,,,,,,,,,,,,,,,,,
200003,173,13,0.001267730006602035,104.92104881688266,,,,8,0.0017680740170268057,44.34570374190941,,,,1.0,,,2.0,0.0005995132873215628,324.16465770989913,1.0,,,,,,1.0,,,,,,,,,,,,,,,,,,,,,,,
200004,173,18,0.0009755875594765228,130.08942891213687,,,,10,0.0013296748165406358,95.3550097769133,,,,3.0,0.00036403982481662627,201.26917176273574,2.0,0.0013115887240042544,45.13470802779759,1.0,,,,,,1.0,,,1.0,,,,,,,,,,,,,,,,,,,,
200005,174,18,0.000986063543637832,164.89745459348765,,,,10,0.0013746724330594418,148.30133861454715,,,,2.0,0.00037709991686281065,158.02506132012638,2.0,0.0012599508571857758,46.515475062312696,1.0,,,,,,1.0,,,1.0,,,1.0,,,,,,,,,,,,,,,,,
200006,174,20,0.0008586052203031233,303.29891947131625,,,,10,0.0012372620265435428,55.47165961381813,,,,2.0,0.00026696517623593413,263.5621113164754,2.0,0.0013509083860968887,64.7628260214588,1.0,,,1.0,,,1.0,,,1.0,,,1.0,,,1.0,,,,,,,,,,,,,,
200007,175,16,0.0010641763771723567,85.98053895817382,,,,9,0.0014015626179233317,40.16825890814356,,,,2.0,0.00038210756915960336,168.56621483088247,2.0,0.001360008438630812,55.060142625546526,1.0,,,,,,1.0,,,,,,1.0,,,,,,,,,,,,,,,,,
200008,175,19,0.0008702327771424597,237.38772301974825,,,,9,0.001345228651913459,103.26212585927853,,,,2.0,0.00035434553078925516,198.3747174243665,3.0,0.0009178477945958127,159.6247345767955,1.0,,,,,,1.0,,,1.0,,,1.0,,,1.0,,,,,,,,,,,,,,
200009,175,18,0.0009159211881566281,162.57200370532883,,,,8,0.0014694041010791103,40.83596815719173,,,,2.0,0.00044612231591612277,135.82119955111102,3.0,0.0008698431417268716,140.53753535008536,1.0,,,,,,1.0,,,1.0,,,1.0,,,1.0,,,,,,,,,,,,,,
200010,175,17,0.0010118510123317988,86.04362587600818,,,,7,0.0016385840010551226,32.10200545174904,,,,2.0,0.0005147162443122878,116.50925443242761,3.0,0.0009912498711888323,73.1058827858369,1.0,,,,,,1.0,,,1.0,,,1.0,,,1.0,,,,,,,,,,,,,,
200011,179,17,0.0010133356474900962,225.80224717743957,,,,7,0.0016378789866160828,30.85123779752777,,,,2.0,0.0005297257737573763,113.65542725650116,3.0,0.001008616012849463,64.54798480070737,1.0,,,,,,1.0,,,1.0,,,1.0,,,1.0,,,,,,,,,,,,,,
200012,182,16,0.001047765540787152,445.38867108933243,,,,7,0.001735715952118491,27.57520194842819,,,,2.0,0.0005490180948699427,111.24705649733971,3.0,0.0007176481711564665,1703.2498224407261,1.0,,,,,,1.0,,,1.0,,,1.0,,,,,,,,,,,,,,,,,
200101,184,15,0.0011299514666260949,202.90007312740994,,,,7,0.0017509293552648768,27.520582508941125,,,,2.0,0.0005798723926919474,107.68144977185759,2.0,0.001003886516063761,145.06844299906905,1.0,,,,,,1.0,,,1.0,,,1.0,,,,,,,,,,,,,,,,,
200102,186,15,0.0011542304746807485,108.67961573891243,,,,7,0.0018005226875238481,23.794913238220943,,,,2.0,0.0006326397050793157,118.56522305775181,2.0,0.000904484211160625,104.02488190893624,,,,,,,1.0,,,1.0,,,1.0,,,1.0,,,,,,,,,,,,,,
200103,188,15,0.0011190792369326324,164.64831469205575,,,,7,0.0017516864296054978,25.354715187146986,,,,2.0,0.0005747030842021927,115.04432294503465,2.0,0.000944499158405981,80.81276370335537,1.0,,,,,,1.0,,,1.0,,,1.0,,,,,,,,,,,,,,,,,
200104,194,15,0.0011249860220494748,156.79225746623928,,,,7,0.001755210245540883,25.355000138180106,,,,2.0,0.0005814090762813454,111.16083096395941,2.0,0.000964250620488096,77.34893193884332,1.0,,,,,,1.0,,,1.0,,,1.0,,,,,,,,,,,,,,,,,
200105,198,14,0.0012361496851966615,103.2835005654561,,,,7,0.0015962963611776393,28.468349709767292,,,,2.0,0.0004766584309788793,254.5899243184692,2.0,0.001482149437631197,37.21489206763078,1.0,,,,,,1.0,,,1.0,,,,,,,,,,,,,,,,,,,,
200106,207,14,0.0013057730653100138,79.31411267118871,,,,6,0.0016708793976018589,26.76174881772896,,,,1.0,,,2.0,0.001727514194685659,31.203883143175307,,,,,,,1.0,,,1.0,,,1.0,,,1.0,,,1.0,,,,,,,,,,,
200107,216,15,0.00114008577576504,144.52682753021588,,,,8,0.001429631747252642,36.65901215242857,1.0,,,1.0,,,2.0,0.0007102193312746184,173.5397606302127,,,,,,,1.0,,,1.0,,,,,,,,,1.0,,,,,,,,,,,
200108,232,15,0.0011377978117007423,129.4194169229299,,,,8,0.0014299739679245144,35.69819102579653,1.0,,,1.0,,,2.0,0.0007427973961349641,107.94684237992617,,,,,,,1.0,,,1.0,,,,,,,,,1.0,,,,,,,,,,,
200109,243,13,0.0013069970234576111,128.0880086409142,,,,7,0.001660554137865803,25.87338047406086,1.0,,,1.0,,,1.0,,,,,,,,,1.0,,,1.0,,,,,,,,,1.0,,,,,,,,,,,
200110,253,14,0.0013358619195179707,72.42930942215878,,,,7,0.0015204309451338355,36.70652537056435,,,,1.0,,,1.0,,,,,,2.0,0.0010753233901233622,233.83730021670007,1.0,,,1.0,,,,,,,,,1.0,,,,,,,,,,,
200111,264,14,0.0014103763935854215,45.751180860783585,,,,7,0.0017271258021918086,30.018795471822862,,,,1.0,,,1.0,,,,,,1.0,,,1.0,,,1.0,,,,,,,,,2.0,0.0008054210778719471,6.672059304401245,,,,,,,,,
200112,277,15,0.0013022858168860554,87.27553019960548,,,,7,0.0016593636087530537,37.465654615744896,,,,1.0,,,1.0,,,,,,1.0,,,1.0,,,1.0,,,,,,,,,2.0,0.0009634091740303424,8.640874448749036,1.0,,,,,,,,
200201,286,15,0.0013433500185004521,113.48446233401486,,,,7,0.0016144180251702403,81.2195942967938,,,,,,,1.0,,,,,,1.0,,,1.0,,,1.0,,,1.0,,,1.0,,,1.0,,,1.0,,,,,,,,
200202,290,16,0.0012225813211152656,77.52808171979618,,,,7,0.001451332040487027,71.76435392950101,,,,,,,2.0,0.0007669079092323906,70.04909462210182,,,,1.0,,,1.0,,,1.0,,,1.0,,,1.0,,,1.0,,,1.0,,,,,,,,
200203,293,16,0.0012075723489894303,55.24361068759884,,,,7,0.0014694955735339,44.23985809664405,,,,,,,2.0,0.0004533134110478711,119.3530708934436,,,,1.0,,,1.0,,,1.0,,,1.0,,,1.0,,,1.0,,,1.0,,,,,,,,
200204,295,16,0.001193759659571058,72.76136289671453,,,,8,0.0011576601847681687,33.72405394664992,,,,,,,2.0,0.0004432449372515231,314.6331542867342,,,,1.0,,,1.0,,,1.0,,,1.0,,,1.0,,,1.0,,,,,,,,,,,
200205,304,17,0.0010942296950391787,182.1809866455704,,,,8,0.0011323586960154653,41.109446342328276,1.0,,,,,,1.0,,,,,,2.0,0.001749121526875444,721.7197087453274,1.0,,,1.0,,,1.0,,,1.0,,,1.0,,,,,,,,,,,
200206,320,16,0.0011368088950429863,83.77160911726462,,,,8,0.0010927447147583938,53.280587597539636,1.0,,,,,,1.0,,,,,,1.0,,,1.0,,,1.0,,,1.0,,,1.0,,,1.0,,,,,,,,,,,
200207,342,18,0.0010109068520703086,85.24905607437076,,,,8,0.0010049114602484898,93.45447159021711,1.0,,,,,,1.0,,,,,,2.0,0.0018986600682505909,76.37670714230424,1.0,,,1.0,,,1.0,,,1.0,,,1.0,,,1.0,,,,,,,,
200208,352,18,0.0009885019678734612,120.49284678705236,,,,6,0.0010444975132710666,128.51800457129357,1.0,,,,,,2.0,0.0002091745040654109,255.0722846982074,,,,2.0,0.0019754972617931363,84.60069335213943,1.0,,,1.0,,,1.0,,,1.0,,,1.0,,,1.0,,,1.0,,,,,
200209,356,19,0.0008904554230361883,297.2772059793541,,,,9,0.0008875074488072512,264.4387228152982,1.0,,,,,,2.0,0.0002459904001321396,267.9813752296093,,,,2.0,0.0021254088074514413,52.178995909431606,1.0,,,1.0,,,1.0,,,1.0,,,,,,1.0,,,,,,,,
200210,359,17,0.0009917746808301422,200.5250207557022,,,,8,0.000951928409968658,305.90780717104985,1.0,,,,,,2.0,0.00020592469852082328,266.827062519277,,,,2.0,0.002170487007121915,49.70453268406845,1.0,,,1.0,,,,,,1.0,,,,,,1.0,,,,,,,,
200211,363,19,0.0008489439417539926,238.92695153044139,,,,8,0.000924423795324971,58.293981209105276,1.0,,,,,,3.0,7.12636567697744e-05,1040.5215129039805,,,,2.0,0.0019343633768951055,60.43649980533699,1.0,,,1.0,,,1.0,,,1.0,,,,,,1.0,,,,,,,,
200212,368,17,0.0009326531422271596,148.51517901396375,,,,6,0.001159818263448064,39.33239546961405,1.0,,,,,,2.0,0.0002247546709531614,484.35983649854376,,,,2.0,0.001961579277827503,61.397484448640625,1.0,,,1.0,,,1.0,,,1.0,,,1.0,,,1.0,,,,,,,,
200301,370,20,0.0008534208556101056,221.84801083211937,,,,9,0.0007979129104032913,181.7810996487542,1.0,,,,,,4.0,0.0002952846235595206,588.0281941761414,,,,1.0,,,1.0,,,1.0,,,,,,1.0,,,1.0,,,1.0,,,,,,,,
200302,374,17,0.0010032946489070028,73.35699879989053,,,,7,0.0009377336572630779,43.59865661610458,1.0,,,,,,4.0,0.0004463287619395788,155.02680702643906,,,,1.0,,,,,,1.0,,,,,,1.0,,,1.0,,,1.0,,,,,,,,
200303,377,17,0.0009773085983090213,82.23905859333314,,,,7,0.0008468213367854894,53.29856053175541,1.0,,,,,,4.0,0.00041115342438960575,196.83723076656685,,,,1.0,,,,,,1.0,,,,,,1.0,,,1.0,,,1.0,,,,,,,,
200304,380,17,0.0009668684673620941,1067.7383836721724,,,,7,0.000875018176969458,424.26504558988324,1.0,,,,,,4.0,0.0007534556414741512,238.71090189291291,,,,1.0,,,,,,1.0,,,,,,1.0,,,1.0,,,1.0,,,,,,,,
200305,385,14,0.0011527248167156096,591.1334209223836,,,,9,0.0014923450120849808,758.6406651017126,,,,,,,2.0,0.0005520406489724689,485.41255950769494,,,,,,,,,,1.0,,,1.0,,,,,,1.0,,,,,,,,,,,
200306,392,13,0.0012159573874227696,192.4593805878665,,,,8,0.0016840996161354904,194.3652783166166,,,,,,,1.0,,,,,,1.0,,,,,,1.0,,,1.0,,,,,,1.0,,,,,,,,,,,
200308,403,11,0.0014465581924056872,98.78856097862322,,,,7,0.0019888128378739134,33.37636988315378,,,,,,,,,,,,,1.0,,,,,,1.0,,,1.0,,,,,,1.0,,,,,,,,,,,
200309,406,12,0.001294086292526438,121.06113993421796,,,,8,0.0018281092929013074,79.08880939425056,,,,,,,1.0,,,1.0,,,1.0,,,,,,1.0,,,,,,,,,,,,,,,,,,,,
200310,409,12,0.001319414624162864,133.1455569559612,,,,8,0.0018728958161054702,55.55138115651893,,,,,,,1.0,,,,,,1.0,,,,,,1.0,,,1.0,,,,,,,,,,,,,,,,,
200312,417,11,0.0013815542353404083,170.13791894485018,,,,8,0.0017562981903561064,124.59582136628507,,,,,,,,,,,,,1.0,,,,,,1.0,,,1.0,,,,,,,,,,,,,,,,,
200401,421,14,0.001016992377919342,175.19606436035602,,,,9,0.0014631034512539477,105.05439344475212,,,,,,,2.0,0.00014954824942994355,356.2670766831328,1.0,,,1.0,,,,,,,,,1.0,,,,,,,,,,,,,,,,,
200402,425,14,0.001029211708934773,344.51597491743456,,,,9,0.0014583278244332208,74.09585389547834,,,,,,,2.0,0.00015925606428660702,642.3608994543515,1.0,,,1.0,,,,,,,,,1.0,,,,,,,,,,,,,,,,,
200403,426,14,0.0010557725007510272,149.36932364257018,,,,10,0.0013019322797847884,114.09132937557536,,,,,,,2.0,0.0003499798314811428,350.7096485079542,,,,1.0,,,,,,,,,1.0,,,,,,,,,,,,,,,,,
200404,429,15,0.0009355923463566297,686.8973461857194,,,,10,0.0012786223181840823,600.9187058429582,,,,,,,2.0,0.0001726270435764735,491.4461912223348,1.0,,,1.0,,,,,,,,,1.0,,,,,,,,,,,,,,,,,
200406,437,14,0.0008767685403758133,210.4003459908628,,,,8,0.0013595627213467232,97.20802533054794,,,,,,,2.0,0.000497721448881866,105.67093085685076,,,,,,,,,,,,,3.0,9.746554620723741e-05,412.143172934814,,,,,,,,,,1.0,,,,,
200408,447,14,0.0010312624283665887,105.51703376099115,,,,10,0.0012844736618754912,56.53386437681377,,,,,,,,,,1.0,,,,,,,,,,,,2.0,0.0002722278665338902,270.8159878092356,1.0,,,,,,,,,,,,,,
200409,452,12,0.0012223113938487787,564.1426726722832,,,,8,0.0015323624142703552,44.37512722691123,,,,,,,,,,1.0,,,,,,,,,,,,2.0,0.00041064893201426557,102.74638542414645,1.0,,,,,,,,,,,,,,
200410,453,13,0.0010803646800437235,90.77217378656276,,,,9,0.0012651856825233237,80.48840625828943,,,,1.0,,,,,,,,,,,,,,,,,,2.0,0.000508270575833413,96.94440603277215,1.0,,,,,,,,,,,,,,
200411,455,13,0.0010906114519083508,154.71115112279702,,,,9,0.001344385411883766,167.94633993906882,,,,1.0,,,,,,,,,,,,,,,,,,2.0,0.00043590057992119876,123.66908313173406,1.0,,,,,,,,,,,,,,
200412,459,15,0.000980106221029926,157.51655936182343,,,,10,0.0011725141457214344,117.73136396890027,,,,,,,,,,1.0,,,,,,,,,,,,2.0,0.0005822850306245472,69.23920541227449,2.0,0.0008190212240561766,415.099024561029,,,,,,,,,,,,
200501,463,16,0.0009276365552038331,99.9610202234913,,,,10,0.0012302344122958981,82.54634279344089,,,,1.0,,,,,,1.0,,,,,,,,,,,,2.0,0.0003941273865196369,107.01629097823582,2.0,0.0004779923591741368,88.82420218676941,,,,,,,,,,,,
200502,466,14,0.0011432343200357064,312.30559238622243,,,,8,0.0016851354926257969,47.761506838614444,,,,1.0,,,,,,1.0,,,1.0,,,,,,,,,1.0,,,2.0,0.0005049990512572403,1568.3416510274164,,,,,,,,,,,,
200503,467,14,0.001085849764400166,109.80254864249162,,,,9,0.0014833979113452723,79.13203764644186,,,,1.0,,,,,,1.0,,,,,,,,,,,,1.0,,,2.0,0.0005804809398253939,61.85741119246909,,,,,,,,,,,,
200504,469,12,0.0012514058387584086,85.1252801233192,,,,8,0.0017345903202820546,50.17669401706105,,,,,,,,,,1.0,,,,,,,,,,,,1.0,,,2.0,0.00035333564511349304,105.56799306907288,,,,,,,,,,,,
200505,472,13,0.001163111075020628,71.6185332462537,,,,9,0.0015469133639381312,62.94371098969278,,,,,,,,,,1.0,,,,,,,,,,,,1.0,,,1.0,,,1.0,,,,,,,,,,,
200506,476,15,0.0010200829554818421,129.02467163470808,,,,12,0.0011181060788733562,126.28510083087106,,,,,,,,,,1.0,,,1.0,,,,,,,,,,,,1.0,,,,,,,,,,,,,,
200507,487,13,0.0011752960513336176,64.33624868116652,,,,9,0.0014746563909608873,59.03828961629396,,,,,,,,,,1.0,,,1.0,,,,,,,,,,,,1.0,,,1.0,,,,,,,,,,,
200508,500,14,0.001203752981091972,97.2722035220859,,,,12,0.001279583035562746,89.73766503929676,,,,,,,,,,1.0,,,,,,,,,,,,1.0,,,,,,,,,,,,,,,,,
200509,502,17,0.0010007900675188725,310.48165755724125,,,,15,0.0010683325130394752,291.91404443392156,,,,,,,,,,1.0,,,,,,,,,,,,1.0,,,,,,,,,,,,,,,,,
200510,505,15,0.001202886117435775,66.44186383344856,,,,13,0.0012578429177708512,69.46199013603274,,,,,,,,,,1.0,,,,,,,,,,,,1.0,,,,,,,,,,,,,,,,,
200511,509,15,0.001227148844739269,102.0225946695235,,,,13,0.0013135866865699576,107.70565659166368,,,,,,,,,,1.0,,,,,,,,,,,,1.0,,,,,,,,,,,,,,,,,
200512,520,15,0.0011588618144972337,81.65485516947027,,,,12,0.0013344789834729995,74.26966602625683,,,,1.0,,,,,,1.0,,,,,,,,,,,,1.0,,,,,,,,,,,,,,,,,
200601,544,17,0.001042222356910689,493.80017612728227,,,,13,0.0012883626945234584,460.565201169772,,,,1.0,,,,,,1.0,,,1.0,,,,,,,,,1.0,,,,,,,,,,,,,,,,,
200602,556,16,0.0010789723843278474,173.34332457760362,,,,14,0.001120379248487403,194.92452245489676,,,,,,,,,,1.0,,,,,,,,,,,,,,,,,,1.0,,,,,,,,,,,
200603,567,16,0.001065539617738303,111.51411975520969,,,,12,0.0012869876638892397,38.337679577729794,,,,1.0,,,,,,1.0,,,1.0,,,,,,,,,,,,,,,1.0,,,,,,,,,,,
200604,579,15,0.0011369730786298584,45.44671365587115,,,,13,0.0011901047282739487,49.33607356498355,,,,,,,,,,1.0,,,,,,,,,,,,,,,,,,1.0,,,,,,,,,,,
200605,581,15,0.001247178107343316,41.05729070728923,,,,10,0.0013959091900312861,30.17634206400305,,,,,,,,,,1.0,,,1.0,,,,,,,,,1.0,,,1.0,,,1.0,,,,,,,,,,,
200606,587,17,0.0010430469749966177,120.69136306920646,,,,12,0.001003543799518334,104.81493343908005,,,,,,,,,,1.0,,,,,,,,,,,,1.0,,,1.0,,,1.0,,,,,,1.0,,,,,
200607,595,18,0.000981310399045185,447.974113466654,,,,11,0.0009499895863198633,701.0736471558022,,,,,,,,,,1.0,,,,,,,,,,,,1.0,,,2.0,0.0008727335345449476,45.39160719739141,1.0,,,1.0,,,1.0,,,,,
200608,598,18,0.0010236449296215438,98.67567144582654,,,,11,0.0010781691756254284,107.8753679223168,,,,,,,,,,1.0,,,,,,,,,,,,1.0,,,2.0,0.0006676935372028963,121.00318091160925,1.0,,,1.0,,,1.0,,,,,
200609,609,18,0.0010370910969964085,98.14434170695549,,,,11,0.0011193170706413806,71.46252132571202,,,,,,,,,,1.0,,,,,,,,,,,,1.0,,,2.0,0.0007101676911381045,144.22825312151085,1.0,,,1.0,,,1.0,,,,,
200610,612,16,0.0011990734520328633,158.74654736749724,,,,10,0.001301584035909616,62.822993145550676,,,,1.0,,,,,,1.0,,,,,,1.0,,,,,,1.0,,,1.0,,,1.0,,,,,,,,,,,
200611,612,16,0.0012445673942065181,83.87813812693753,,,,10,0.0013371070692702622,108.11208896826322,,,,1.0,,,,,,1.0,,,,,,1.0,,,,,,1.0,,,1.0,,,1.0,,,,,,,,,,,
200612,611,16,0.001123450607239594,161.36606002778356,,,,12,0.0012848092009872544,170.36348017309226,,,,,,,,,,1.0,,,,,,,,,,,,1.0,,,1.0,,,1.0,,,,,,,,,,,
200701,618,18,0.0010238968266140507,140.30012949781985,,,,11,0.0013277585461184056,53.192806354929616,,,,2.0,0.0006096297319240419,500.04016015797,,,,1.0,,,,,,,,,,,,1.0,,,2.0,0.0005462751490669152,110.81339926484972,,,,,,,1.0,,,,,
200702,622,25,0.0006798833410484885,368.87380208091736,,,,15,0.0007822634351687568,178.10508794919534,,,,2.0,0.0008910138894810892,122.08837043733048,,,,1.0,,,,,,1.0,,,,,,2.0,0.0005626681533256115,1522.967096083927,3.0,0.00043304072640275494,614.5058776690963,,,,,,,1.0,,,,,
200703,625,24,0.0006741731723209592,211.21937773475656,,,,14,0.0008009592721299311,90.68458894454065,,,,2.0,0.0007359572846603223,400.52644030420595,,,,,,,1.0,,,1.0,,,,,,2.0,0.0007833780051934408,97.82789772430112,3.0,0.0005256832482477886,71.74656116699481,,,,,,,1.0,,,,,
200704,629,21,0.0007993976738188262,118.88255789321002,,,,13,0.000857091550243714,68.5093842008257,,,,1.0,,,,,,,,,,,,1.0,,,,,,2.0,0.0008984600242009313,61.70669418584073,3.0,0.0005483839977323216,77.13391664684583,,,,,,,1.0,,,,,
200705,631,20,0.000854376334315563,93.44996752522037,,,,13,0.0008881288456694651,83.69055110378892,,,,1.0,,,,,,,,,,,,1.0,,,,,,2.0,0.0008514431091413602,68.83962659379253,3.0,0.0005526289544584192,81.34518476784007,,,,,,,,,,,,
200706,635,19,0.0009563581568391457,257.6419104641902,,,,11,0.0010158556213032942,272.9964519852855,,,,1.0,,,,,,,,,,,,1.0,,,,,,3.0,0.0006739257654478098,549.957445942128,3.0,0.0006298655297435575,56.22831537195728,,,,,,,,,,,,
200707,643,20,0.0008163313261070374,125.66080865700056,,,,14,0.0009792222033758891,100.5477627961513,,,,1.0,,,1.0,,,,,,,,,,,,,,,1.0,,,3.0,0.000356807068617136,238.6859025607536,,,,,,,,,,,,
200708,652,19,0.0013769382264657822,90.32307592978982,,,,13,0.001839641776585089,81.79738395709742,,,,,,,1.0,,,,,,1.0,,,,,,,,,1.0,,,2.0,0.0002704209024418113,143.99920555432598,1.0,,,,,,,,,,,
200709,661,19,0.001424012602920146,87.69021501674227,,,,16,0.0015689200223363768,90.01515678964746,,,,,,,,,,,,,1.0,,,,,,,,,1.0,,,1.0,,,,,,,,,,,,,,
200710,669,23,0.0011769727160360385,295.46511719260184,,,,17,0.0014173360228685588,266.82457985309196,,,,1.0,,,1.0,,,,,,2.0,0.0006196133473776824,103.25289771881762,,,,,,,1.0,,,1.0,,,,,,,,,,,,,,
200711,675,23,0.001179029345082641,222.40529697820068,,,,17,0.0014168067345925372,218.65684312254893,,,,1.0,,,1.0,,,,,,2.0,0.0006396580625309629,91.91284914666967,,,,,,,1.0,,,1.0,,,,,,,,,,,,,,
200712,679,23,0.0011405659190039676,172.8115578444761,,,,17,0.0013727826549945908,150.88664422909414,,,,1.0,,,1.0,,,,,,2.0,0.0005641502053975096,129.68906555738283,,,,,,,1.0,,,1.0,,,,,,,,,,,,,,
200801,682,21,0.0012883393630602174,163.29040257536067,,,,16,0.0015058473238838774,177.7938692453497,,,,1.0,,,,,,,,,2.0,0.0007236313622939655,76.55328030687683,,,,,,,1.0,,,1.0,,,,,,,,,,,,,,
200802,687,24,0.001134293179306655,127.64166182755248,,,,16,0.0014215888239828601,110.27366370909117,,,,1.0,,,1.0,,,,,,2.0,0.0004915826650455665,111.72677171216009,,,,,,,2.0,0.0007260254703053619,225.6163651264844,1.0,,,1.0,,,,,,,,,,,
200803,690,26,0.0010118062562008594,212.55327298393564,,,,18,0.0011885229599771687,208.23830224529286,,,,2.0,0.001034202227788357,76.41265195124635,,,,,,,2.0,0.00022446506907456977,312.5382939816248,,,,,,,2.0,0.000703927335131266,305.88944239155546,1.0,,,1.0,,,,,,,,,,,
200804,695,28,0.000977267788822456,306.1485089573539,,,,18,0.0012213695290145539,107.77397154541222,,,,2.0,0.0011308634513932728,64.943214770471,1.0,,,,,,2.0,0.00020201007792362515,281.76179475712183,,,,,,,2.0,0.0006950603999092119,1456.3772985919657,2.0,0.0002468936759841222,566.3690120114197,1.0,,,,,,,,,,,
200805,700,22,0.0013648633424332619,95.22531780098262,,,,16,0.0013391119591560732,110.14926030529323,,,,2.0,0.0014035906787492353,46.84990850737826,,,,,,,1.0,,,,,,,,,1.0,,,1.0,,,,,,,,,,,,1.0,,
200806,702,31,0.0009307601745288851,172.25063477040715,,,,22,0.0009187254309647009,205.99481545079217,,,,3.0,0.0010816317616050893,93.37536021045719,,,,,,,1.0,,,,,,,,,1.0,,,1.0,,,2.0,0.00010804079576036968,9.326695112600717,,,,,,,1.0,,
200807,709,32,0.0008896313659867819,489.8894410572043,,,,22,0.000927508921538726,669.7474374881841,,,,3.0,0.0010595633279337376,95.9600140792957,,,,,,,1.0,,,,,,,,,1.0,,,1.0,,,3.0,7.437802160218435e-05,42.750092646778334,,,,,,,1.0,,
200809,727,28,0.000860445362674384,266.4610226825915,,,,20,0.0009813573016216205,126.37781268285462,,,,3.0,0.001040528236298688,190.5337200383195,1.0,,,,,,,,,,,,,,,2.0,0.00040664182134526097,1052.4222333584898,2.0,0.0002387515378671254,636.2096600444685,,,,,,,,,,,,
200810,734,24,0.0011145913338732624,98.39056133777683,,,,19,0.001166551218894931,88.95252049392546,,,,2.0,0.0018434999454448183,33.97929703430913,,,,,,,,,,,,,,,,1.0,,,1.0,,,,,,,,,,,,1.0,,
200811,739,23,0.0011753439908947845,98.99788085785404,,,,19,0.0012549974074134585,57.64166797694866,,,,3.0,0.0009640725351326497,279.3738879985846,,,,,,,,,,,,,,,,,,,,,,,,,,,,,,,1.0,,
200812,742,24,0.0011919675798699333,325.3868476187299,,,,18,0.001274306248029911,76.43863188584558,,,,3.0,0.0012665551728283445,346.6349290078817,,,,,,,,,,,,,,,,1.0,,,1.0,,,,,,,,,,,,1.0,,
200901,747,19,0.0014150829688063381,79.32976495289738,,,,16,0.0015104195307882166,56.76979106557783,,,,1.0,,,,,,,,,,,,,,,,,,,,,1.0,,,1.0,,,,,,,,,,,
200902,750,19,0.0014044793096631366,87.78489964996798,,,,17,0.0014471710310577919,95.56562895594229,,,,1.0,,,,,,,,,,,,,,,,,,,,,,,,1.0,,,,,,,,,,,
200903,753,20,0.001375720921448613,559.4067172412826,,,,17,0.0015051672837446248,72.02714223974547,,,,1.0,,,,,,,,,,,,,,,,,,,,,1.0,,,1.0,,,,,,,,,,,
200904,763,23,0.0013159894756276701,127.76061652306291,1.0,,,19,0.0015079405159496766,97.8946879032016,,,,1.0,,,,,,,,,1.0,,,,,,,,,,,,,,,1.0,,,,,,,,,,,
200905,775,24,0.0013251051977297343,106.42369343222474,1.0,,,19,0.001438184674568026,108.20255628227551,,,,1.0,,,,,,,,,1.0,,,,,,,,,1.0,,,,,,1.0,,,,,,,,,,,
200906,785,22,0.0013892416390379539,51.0232265824686,1.0,,,17,0.0015405561433363348,48.02751136947797,,,,1.0,,,,,,,,,1.0,,,,,,,,,1.0,,,,,,1.0,,,,,,,,,,,
200907,797,24,0.0012987872283501574,417.22487114351566,1.0,,,19,0.0013706237805690663,512.5139741658392,,,,1.0,,,,,,,,,1.0,,,,,,,,,1.0,,,,,,1.0,,,,,,,,,,,
200908,802,21,0.0014383282687493578,141.243318195667,1.0,,,15,0.0016720735072308405,52.67941711604898,,,,1.0,,,,,,,,,1.0,,,,,,,,,2.0,0.0006635717112062999,791.7687030676226,,,,,,,,,,,,,1.0,,
200909,806,23,0.0013976300052801565,206.7572206480132,1.0,,,17,0.0015448646337586967,231.3876739702116,,,,2.0,0.0006351103155562291,252.39209606696426,,,,,,,,,,,,,,,,2.0,0.0007501832181513294,94.39698916817865,,,,,,,,,,,,,1.0,,
200910,807,24,0.0013709768465501907,461.94028800789926,1.0,,,17,0.0015678509338891986,120.89322094399891,,,,2.0,0.0006228457293257787,292.56783140377973,,,,,,,1.0,,,,,,,,,2.0,0.0008436960840313115,71.26185722232398,,,,,,,,,,,,,1.0,,
200911,807,24,0.001411162274260535,189.76825223420542,1.0,,,16,0.0016662561058791137,118.07967832316595,,,,2.0,0.0005539000502080478,534.5998311341694,,,,,,,2.0,7.863399991789197e-05,681.0606906867799,,,,,,,2.0,0.0012126066100665808,60.67124005255328,,,,,,,,,,,,,1.0,,
200912,807,22,0.0015814677406427876,100.81329288851488,1.0,,,15,0.0018069776564762054,39.93844518468982,,,,2.0,0.00078760930430837,246.4328908168163,,,,,,,1.0,,,,,,,,,2.0,0.0007806563768733221,354.75675098395084,,,,,,,,,,,,,1.0,,
201002,804,24,0.001480306872666022,648.8241761782677,1.0,,,16,0.0016350927608180528,127.9038863039561,,,,2.0,0.0010708548352171764,171.28786710836906,,,,,,,2.0,0.000288642488819891,194.5905653242714,,,,,,,1.0,,,1.0,,,,,,,,,,,,1.0,,
201003,801,22,0.0016600964568119119,136.17690750447835,1.0,,,15,0.001800846250517237,59.60539701740495,,,,2.0,0.001112879835460926,156.32353598828297,,,,,,,2.0,0.0002505285304267606,833.7054066152093,,,,,,,1.0,,,,,,,,,,,,,,,1.0,,
201004,801,24,0.0016406589998612488,60.754953630311604,1.0,,,18,0.0015567262395817197,63.40856478296309,,,,1.0,,,,,,,,,2.0,0.0006113583025890058,88.4711524287765,,,,,,,1.0,,,,,,,,,,,,,,,1.0,,
201005,802,25,0.001659422394286566,322.1102410766529,1.0,,,18,0.0015274119626990975,403.57910949963366,,,,1.0,,,1.0,,,,,,2.0,0.0006046523445327913,94.73642915483622,,,,,,,1.0,,,,,,,,,,,,,,,1.0,,
201006,802,25,0.00159967007096329,533.931835640725,1.0,,,17,0.0015905547939672037,381.12875749122065,,,,1.0,,,1.0,,,,,,2.0,0.0002881316507203252,733.4249260565348,,,,,,,2.0,0.0011122245679979232,129.42685001295632,,,,,,,,,,,,,1.0,,
201007,802,27,0.001599742430310478,136.17470191277278,1.0,,,17,0.0016667114013891218,57.44278263930374,,,,1.0,,,1.0,,,,,,2.0,0.0002906711460024135,277.71871854691886,,,,,,,3.0,0.0007837654101379185,528.1717321268044,1.0,,,,,,,,,,,,1.0,,
201008,802,27,0.0016647820785613717,206.81918230606854,1.0,,,17,0.0016683263142638328,212.9169523902206,,,,1.0,,,1.0,,,,,,2.0,0.00040055451939173547,139.84731746660654,,,,,,,3.0,0.001039323211067542,243.81842484010852,1.0,,,,,,,,,,,,1.0,,
201009,802,24,0.001830799646939732,76.51182211273625,1.0,,,14,0.002014965427931031,48.23380987021652,,,,1.0,,,1.0,,,,,,2.0,0.00038701683229989394,140.52640895623506,,,,,,,3.0,0.0013518208274824455,116.36066631582747,1.0,,,,,,,,,,,,1.0,,
201010,802,26,0.001690032290950377,110.48812733587373,1.0,,,16,0.0016553565281581081,145.92053765670244,,,,1.0,,,1.0,,,,,,2.0,0.0009190154619790494,60.005081822861875,,,,,,,3.0,0.001661535734151581,51.14192235334294,1.0,,,,,,,,,,,,1.0,,
201011,802,27,0.001695620233219436,185.52940020260056,1.0,,,16,0.0016461139772023813,103.04973801347532,1.0,,,1.0,,,1.0,,,,,,2.0,0.000994571758763839,55.720801117913496,,,,,,,3.0,0.0018765500877560616,47.81065076713054,1.0,,,,,,,,,,,,1.0,,
201012,802,26,0.0017739218251040677,133.01351123052717,1.0,,,15,0.0017683161656690048,96.99719887248654,1.0,,,1.0,,,1.0,,,,,,2.0,0.0009307211711920289,60.3440208696414,,,,,,,3.0,0.0017782764366587815,46.551588035433504,1.0,,,,,,,,,,,,1.0,,
201102,802,26,0.0017353051986093288,62.83271229008539,1.0,,,16,0.0016929290547543722,70.59198916168447,,,,1.0,,,1.0,,,,,,2.0,0.0010242325991948193,53.399869372326165,,,,,,,3.0,0.001573061292399051,43.76516279331304,1.0,,,,,,,,,,,,1.0,,
201103,801,26,0.001717164624122121,59.51217207011682,1.0,,,16,0.001702761734889515,64.85191685999706,,,,1.0,,,1.0,,,,,,2.0,0.0009886649242481155,55.442906456644266,,,,,,,3.0,0.0015942419536573108,44.49979965397708,1.0,,,,,,,,,,,,1.0,,
201104,801,26,0.0017268806069609013,80.03368648811012,1.0,,,15,0.0018643288265774531,38.19059304889536,,,,1.0,,,2.0,0.0003739189649965031,329.9254148966287,,,,2.0,0.0008982401259245323,65.09363380331172,,,,,,,3.0,0.0016186365906139435,47.687640089469944,1.0,,,,,,,,,,,,1.0,,
201105,801,25,0.0017986380666030128,58.06817777213909,1.0,,,15,0.0018569026500467353,36.30881961462147,,,,1.0,,,2.0,0.00040428393464410453,233.04076598291928,,,,2.0,0.0008750621813124265,66.33268682688386,,,,,,,3.0,0.001710964723338834,50.917602758028806,,,,,,,,,,,,,1.0,,
201106,801,31,0.0014070739526157437,191.6789164155738,1.0,,,20,0.0012754889067744031,161.39469333771174,1.0,,,1.0,,,2.0,0.00040632684243156167,237.4684518098131,,,,2.0,0.0005484232447617065,232.46073495277662,,,,,,,3.0,0.001924888803182396,34.52053996728404,,,,,,,,,,,,,1.0,,
201107,802,30,0.0014588922873858062,337.779691557156,1.0,,,20,0.001298027057962337,303.16305189026843,1.0,,,1.0,,,2.0,0.0004985086182896589,171.1451944322262,,,,1.0,,,,,,,,,3.0,0.0019215400045450922,37.88499237167174,,,,,,,,,,,,,1.0,,
201108,804,28,0.0016092785889203118,217.5287220171646,1.0,,,20,0.001313194316169193,280.00333409527855,,,,,,,2.0,0.0006192415888531202,132.4561668870018,,,,1.0,,,,,,,,,3.0,0.0019941370511460743,35.42439173492871,,,,,,,,,,,,,1.0,,
201109,805,30,0.0014652691323458174,140.5712712264425,1.0,,,21,0.0012384253421919564,110.26919500057822,,,,1.0,,,2.0,0.0005828450940061913,158.74104458927857,,,,1.0,,,,,,,,,3.0,0.001883833693240229,39.84521352267137,,,,,,,,,,,,,1.0,,
201110,806,31,0.0014548585967386351,1312.6858385216356,1.0,,,21,0.001238568972437164,1880.6351609601188,,,,1.0,,,2.0,0.000761028063859148,219.20891134465217,,,,2.0,0.0006150936836462528,102.42829305608255,,,,,,,3.0,0.0015708600983502308,45.931316241779776,,,,,,,,,,,,,1.0,,
201111,809,29,0.0016474029238336746,235.47226155754922,1.0,,,20,0.0012724438761408967,286.4490518871065,,,,1.0,,,2.0,0.0009356757006172801,152.67457761975004,,,,1.0,,,,,,,,,3.0,0.001763357465127383,45.1337503621101,,,,,,,,,,,,,1.0,,
201112,810,28,0.0016718594011027952,215.53488327577523,1.0,,,19,0.0013178691063549235,185.0148607284081,,,,1.0,,,2.0,0.0010257701009335598,116.92780586257244,,,,1.0,,,,,,,,,3.0,0.0018812600807247845,46.76128722535825,,,,,,,,,,,,,1.0,,
201201,813,22,0.0015021017825794666,68.91113405047234,1.0,,,14,0.0016265250615533152,56.00577049186375,,,,,,,2.0,0.0002695747461765044,251.96225372931428,,,,1.0,,,,,,,,,3.0,0.0014749612222680992,28.400344250314067,,,,,,,,,,,,,1.0,,
201202,815,22,0.0013183657674905047,198.57384994723304,1.0,,,15,0.0013618080330622666,259.79405767520467,,,,,,,1.0,,,,,,1.0,,,,,,,,,3.0,0.0015982365329920746,27.09217014819488,1.0,,,,,,,,,,,,,,
201203,816,20,0.0014758590815267243,72.14506201146085,1.0,,,13,0.001522062415214766,82.84293561854443,,,,,,,1.0,,,,,,1.0,,,,,,,,,3.0,0.001741688915785884,24.789352919455794,1.0,,,,,,,,,,,,,,
201204,816,19,0.0015516270318491911,67.28706501927111,1.0,,,11,0.0017120162256033854,35.360211264292055,,,,,,,2.0,0.0003885226011944716,330.32363809858856,,,,1.0,,,,,,,,,3.0,0.0019098458061964586,25.68194223863756,1.0,,,,,,,,,,,,,,
201205,820,23,0.0010996902265851274,84.49285308232405,1.0,,,14,0.0010618684330068388,75.24365162905157,,,,,,,3.0,0.0002805483189315513,226.58813062818206,,,,1.0,,,,,,,,,3.0,0.0015754231209094223,27.51702591124581,1.0,,,,,,,,,,,,,,
201206,821,22,0.0011568605278228646,298.0123165778538,1.0,,,13,0.001158063737525941,445.2596229578628,,,,,,,3.0,0.0002971065091570717,182.35479321135253,,,,1.0,,,,,,,,,3.0,0.0016012062596394367,26.664818623716002,1.0,,,,,,,,,,,,,,
201207,822,19,0.0014312005359732637,101.95513885569841,1.0,,,10,0.0016447503206597127,121.40690199858918,,,,,,,3.0,0.0004230283555239143,157.83658450205425,,,,1.0,,,,,,,,,3.0,0.0016336750970568044,27.36547171750738,1.0,,,,,,,,,,,,,,
201208,824,23,0.0010538739301466707,150.44184078366112,1.0,,,12,0.0009774253248018936,213.49812922778517,,,,,,,3.0,0.0007624245736217477,141.0958896443546,,,,1.0,,,,,,,,,4.0,0.001393704808197068,74.92287077926271,1.0,,,1.0,,,,,,,,,,,
201209,824,22,0.0011726598448757663,186.9338127196994,1.0,,,12,0.0010850857038647358,309.27099710532684,,,,,,,3.0,0.0009185274836971467,61.639579111822876,,,,1.0,,,,,,,,,3.0,0.0015108763281539688,27.744533473834178,1.0,,,1.0,,,,,,,,,,,
201210,827,24,0.0012694923970223446,167.31907036032086,1.0,,,12,0.0009102361774663364,240.4340757244499,,,,1.0,,,2.0,0.0023681461593498742,23.131239594724292,1.0,,,2.0,0.0021562805564301095,31.0871315539399,,,,,,,3.0,0.002520543176810127,31.612565302586844,1.0,,,1.0,,,,,,,,,,,
201211,828,24,0.0013539500003323893,136.21275790537297,1.0,,,10,0.0009661324807821095,50.9479045069182,,,,1.0,,,3.0,0.0018005846175032838,184.83853318351547,1.0,,,2.0,0.0022959528902028025,33.21396341181993,,,,,,,3.0,0.0029551781121181964,28.71673895586137,2.0,0.0003089329474789694,699.6838072250522,1.0,,,,,,,,,,,
201212,829,25,0.001191010479575139,505.090561526108,1.0,,,12,0.0007604917321997491,221.508591934096,,,,1.0,,,3.0,0.001786479942978007,135.35038376303103,1.0,,,2.0,0.0022267561143197202,38.984492801547134,,,,,,,3.0,0.002880427651257999,37.592557824248836,1.0,,,1.0,,,,,,,,,,,
201301,835,27,0.0011229014505335399,237.84967627397455,1.0,,,13,0.0007361617952456189,222.33267343195192,,,,1.0,,,3.0,0.001563652003897966,805.8949657431167,1.0,,,2.0,0.0020573229248671003,50.01138913621852,,,,,,,3.0,0.0030383329316527596,26.874266228027683,2.0,0.0003567024773287649,217.2476575995908,1.0,,,,,,,,,,,
201302,835,25,0.0011365315322233824,191.0473548706997,1.0,,,11,0.0008026353300427756,145.81000779524425,1.0,,,1.0,,,2.0,0.002219223261201328,24.507894596269747,1.0,,,3.0,0.0015321352095682998,94.45323101587887,,,,,,,2.0,0.0036264018664412777,19.80501082367538,2.0,0.0004077025489348507,99.5002095779366,1.0,,,,,,,,,,,
201303,836,23,0.0013071597611806574,226.74177460062634,1.0,,,10,0.0007748118547522087,79.57871997319924,1.0,,,1.0,,,3.0,0.0016616405815906181,1167.4983324690402,1.0,,,3.0,0.0008988205566174244,184.01136967921698,,,,,,,2.0,0.0045943460084521895,16.826733871279394,1.0,,,,,,,,,,,,,,
201304,837,22,0.001411797014333607,80.0640163534549,1.0,,,9,0.0008137343026304291,53.567848781810035,1.0,,,1.0,,,3.0,0.0018168891665025406,118.0365407661958,1.0,,,3.0,0.0008927538825417771,166.2232066508376,,,,,,,2.0,0.005194474558677004,16.453679797523044,1.0,,,,,,,,,,,,,,
201305,839,24,0.00137130991007437,304.58863286998,1.0,,,12,0.0006080779582654381,379.03089518941937,1.0,,,1.0,,,2.0,0.003101698243728984,24.058316608240514,1.0,,,2.0,0.0013213918887025578,967.874422299283,,,,,,,2.0,0.005246200288679197,17.843829090484057,2.0,0.0007181902863658941,254.82571731337356,,,,,,,,,,,,
201306,839,26,0.001242179468958113,208.21076123008044,1.0,,,13,0.000580524959106076,288.04905147033764,2.0,0.0011383200219078232,69.67002768667699,,,,2.0,0.0029796813248459467,32.80887395933536,1.0,,,1.0,,,1.0,,,1.0,,,2.0,0.004596207640247149,365.9069806664482,2.0,0.001606970308471474,28.761235008596454,,,,,,,,,,,,
201307,839,24,0.0013543200980250276,131.43170550945362,1.0,,,10,0.0007043774128668803,73.68169148974506,2.0,0.0009634152372177552,84.97424533824318,,,,2.0,0.002922876818683682,41.36254800653694,1.0,,,1.0,,,1.0,,,2.0,0.0005040780717056696,362.9841356273639,2.0,0.0050550332837474826,315.37233813392766,2.0,0.001598034932128607,27.449203265490787,,,,,,,,,,,,
201308,838,23,0.0015526586348936467,667.2292414320033,1.0,,,11,0.0007366170135764588,72.13547331093625,2.0,0.0011173423049110108,69.08081768024847,,,,2.0,0.003216459929444033,34.94955294994941,1.0,,,1.0,,,1.0,,,1.0,,,1.0,,,2.0,0.001483769287974944,29.403651613630977,,,,,,,,,,,,
201309,839,23,0.0015665446098968182,475.057507754381,,,,10,0.0006492905934203256,890.7702489102334,2.0,0.0013499090321673337,57.38023353767872,,,,1.0,,,1.0,,,3.0,0.0016992078433212346,547.0138801406108,1.0,,,1.0,,,2.0,0.005441728668779198,32.82978486302424,2.0,0.0016018776361373462,23.397462875655904,,,,,,,,,,,,
201310,839,22,0.001628512261113648,172.49712482822858,,,,9,0.0007103380039738347,344.6842880800927,2.0,0.0014044464497369852,55.18065984322719,,,,1.0,,,1.0,,,3.0,0.0017625267808726718,78.0784575229734,1.0,,,1.0,,,2.0,0.005532688170869856,26.160377208705373,2.0,0.0015754647494845026,25.851328870115307,,,,,,,,,,,,
201311,839,26,0.0014444042543013255,386.34167265474855,,,,8,0.0007001503958011982,146.19486822292714,2.0,0.0018882478668259242,42.67428004113519,1.0,,,1.0,,,,,,5.0,0.0010820173347236485,255.23487197675914,1.0,,,2.0,0.0007495564976708194,890.2890089911527,3.0,0.004797907977212897,1628.6910358253738,3.0,0.000657652326470271,186.88809670586082,,,,,,,,,,,,
201312,839,26,0.0014881041466247168,118.77409625546282,,,,10,0.0006629431016921198,123.30023947940133,2.0,0.0020347448127216337,38.67999319837473,1.0,,,1.0,,,,,,5.0,0.0011269941497895589,254.73629765412178,,,,2.0,0.0007785448921796182,89.22249286557664,3.0,0.004964034075197338,42.145399580997896,2.0,0.0011750071630951973,55.95122887071366,,,,,,,,,,,,
201401,840,29,0.0013430711263271145,298.7117924279529,,,,12,0.0006062612455248839,81.90448038106808,2.0,0.0017785791968999128,46.68018663135873,1.0,,,1.0,,,,,,5.0,0.0012723828639861,478.01553914327235,,,,2.0,0.0009391176805156887,1765.614697506248,3.0,0.004583914648653602,86.27034417078669,2.0,0.0005348900931330815,609.2078827794369,1.0,,,,,,,,,,,
201402,840,30,0.0014592960564577709,384.51358131995323,,,,14,0.0005163487303305651,311.8433231092893,2.0,0.0016271739066896485,58.826387649598075,2.0,0.0014839388388702519,64.9760667861431,1.0,,,,,,4.0,0.0016457083263359516,163.61601496537958,,,,1.0,,,3.0,0.005082121683173708,1668.6041284689536,1.0,,,1.0,,,,,,1.0,,,,,
201403,840,31,0.0014019750480485462,430.02355429914735,,,,13,0.0005278416334331086,94.36586438318363,2.0,0.0015894159429416784,57.18507940187007,2.0,0.0014912841931313293,68.0585897246921,1.0,,,,,,5.0,0.001324266048596898,1190.5969283683933,1.0,,,1.0,,,3.0,0.0051079557294306695,976.5838380430528,1.0,,,1.0,,,,,,1.0,,,,,
201404,840,28,0.0014371382941938977,283.6943019070499,,,,12,0.000796246789188733,250.98736346870564,2.0,0.0004096511752903072,309.176952255394,2.0,0.0020841657292894706,29.69713957591096,,,,,,,3.0,0.0014176229149567953,815.894869813441,,,,2.0,0.0021500535882526283,20.445488819873123,3.0,0.004272494211625586,367.20325710110706,1.0,,,1.0,,,1.0,,,1.0,,,,,
201405,840,25,0.0010415863943781182,144.16963972272512,,,,12,0.0008210654250353063,138.70031393724824,2.0,0.0003116709163004266,397.08890504079426,2.0,0.001246038521453924,168.06342364341882,,,,,,,2.0,0.002092053726443988,46.144490877305,,,,2.0,0.0020473601729347445,21.187504169643375,2.0,0.0004988616127571098,187.49302822465708,1.0,,,1.0,,,,,,1.0,,,,,
201408,841,34,0.0009382155724850749,284.1989936016161,,,,14,0.000742972910852434,161.69921662442988,1.0,,,2.0,0.0029415585530490652,144.56301356214797,2.0,0.00011961211665206532,1298.0864072913264,,,,4.0,0.000869283901336049,339.77990647258116,,,,5.0,0.0013053696282898243,249.65956981254027,1.0,,,3.0,0.0005551956949277679,322.52862201536215,1.0,,,,,,1.0,,,,,
201409,842,31,0.0010739263693074039,112.60796602528477,,,,14,0.000792265594799716,137.25397230949247,1.0,,,4.0,0.0018177214532277583,72.42828733414697,,,,1.0,,,2.0,0.001449263143651069,38.639931464171255,,,,4.0,0.0014423892104818907,88.52882963110439,1.0,,,2.0,0.0007173017468226771,99.72214951570258,1.0,,,,,,1.0,,,,,
201410,843,26,0.0013097180723772605,107.64168099015264,,,,11,0.0010314481639005326,101.28042311928344,1.0,,,4.0,0.0018027497382580265,50.7787040844648,,,,,,,2.0,0.0019663666488401194,32.437814995143995,,,,3.0,0.001920150689819688,29.192051190707144,1.0,,,2.0,0.0006551043919292155,61.05324852487615,1.0,,,,,,1.0,,,,,
201412,845,23,0.0014410821406251027,61.380963572046994,,,,9,0.0011507071554509173,63.29151753776728,,,,4.0,0.001740400737147897,48.96726972191858,,,,,,,3.0,0.0017881524340049389,77.76111490540781,,,,5.0,0.0012452917133457721,53.94193181141984,,,,,,,1.0,,,,,,1.0,,,,,
201501,848,21,0.0015805965548305347,96.04151522097526,,,,7,0.0013683469578035835,40.37430919237623,1.0,,,4.0,0.001616262513181063,72.61291099946837,,,,,,,2.0,0.0031323806070460932,22.479080615971437,,,,5.0,0.0012416609285276937,41.4594265532278,,,,,,,1.0,,,,,,1.0,,,,,
201502,852,24,0.0014665092502919367,83.33059125202318,,,,10,0.0010694892154697946,72.95646588637464,,,,3.0,0.0024323734272292145,47.80464416565638,,,,,,,3.0,0.0022478055013835717,43.899782105513204,1.0,,,4.0,0.001007425560227731,185.89563406460752,,,,1.0,,,1.0,,,,,,1.0,,,,,
201503,857,25,0.0015092080687363367,113.5282367746311,,,,11,0.0010578403237176542,75.34231616565346,,,,4.0,0.001913435059760605,293.89344031219844,,,,,,,3.0,0.0028895900155470355,79.47412986525492,1.0,,,3.0,0.0012695787821130641,68.62566136258779,,,,1.0,,,1.0,,,,,,1.0,,,,,
201504,861,26,0.001499310531100076,218.69187105889657,,,,12,0.0010367792629658859,72.32203718838075,,,,4.0,0.00189579901789805,256.1733025439479,1.0,,,,,,2.0,0.004398823940537976,13.55830554719067,,,,3.0,0.0013600259418080172,46.09334559864579,,,,2.0,0.00035736945881359206,1690.9789402048484,1.0,,,,,,1.0,,,,,
201505,862,23,0.0016165785821379288,96.46520330698124,,,,12,0.0009387347331736865,74.06844951604266,,,,4.0,0.002538399333210125,31.08148452897693,,,,,,,2.0,0.004796716695752529,13.417731977239946,1.0,,,2.0,0.0019181523219977395,62.76134581556432,,,,1.0,,,,,,,,,1.0,,,,,
201507,859,28,0.0013038109199514935,170.07140242556346,,,,11,0.0010398315257570667,92.0117786192764,,,,6.0,0.0018061304489369904,63.961884451808835,1.0,,,,,,2.0,0.003879630128598215,15.197928222237891,1.0,,,3.0,0.0012602606830607334,787.3934975874555,,,,2.0,0.0007642209422087438,145.45682470767608,2.0,0.00022404467752344253,14.288027222840213,,,,,,,,,
201508,861,29,0.0011803270777378542,239.57508095361766,,,,10,0.0008474548737988487,467.0099307154554,1.0,,,4.0,0.0019737937112457326,50.5555652977287,1.0,,,,,,3.0,0.0026038958817829207,58.64671851777987,1.0,,,5.0,0.0008136932702149224,204.69480206951198,1.0,,,2.0,0.0007156330628694768,230.14729955966547,1.0,,,,,,,,,,,
201509,864,28,0.001210338484659767,158.60552042266426,,,,9,0.0009249912135413218,103.31472985087797,1.0,,,4.0,0.0018857722879520133,53.79338643654258,1.0,,,1.0,,,3.0,0.0026070062979326714,78.2389097496954,1.0,,,5.0,0.0008081552117587786,282.57137344081605,1.0,,,2.0,0.0007770521685944174,85.17655872420482,,,,,,,,,,,,
201610,864,27,0.0012969084548129688,124.15927693013202,,,,11,0.0007755780771771672,189.28927463094578,1.0,,,4.0,0.0018510461999457955,44.34031994899561,1.0,,,,,,2.0,0.0037429537998755645,16.80738710517985,1.0,,,4.0,0.0012030649599188204,116.99328150178602,1.0,,,2.0,0.0009463686248551041,114.06956423935242,,,,,,,,,,,,
201611,867,25,0.0014327146127813247,77.9703947438566,,,,9,0.0009119040047383662,76.79538570387297,1.0,,,5.0,0.0014673528003211768,146.18108331373443,1.0,,,,,,2.0,0.003922131689047282,16.507697533236264,1.0,,,3.0,0.0016616731338932502,36.950209137347024,1.0,,,2.0,0.0013583354697721123,27.68544056341691,,,,,,,,,,,,
201701,873,28,0.0012274363900131116,506.7743312542613,,,,8,0.0008472206115387481,71.54003242911482,1.0,,,5.0,0.001522260955558055,1445.8578560773258,1.0,,,,,,3.0,0.002678240226020127,55.63595129109106,2.0,0.0005487952859551616,226.03865364107466,5.0,0.0009869383473046756,204.7115580064738,1.0,,,2.0,0.0011015987027766267,44.25572540249884,,,,,,,,,,,,
201702,878,30,0.001154194026732306,230.7406265079613,,,,9,0.0007288195177748203,457.2617128196209,1.0,,,5.0,0.0015890545080876547,59.39650055608162,1.0,,,,,,3.0,0.002577637370032025,58.30945679017694,2.0,0.0005371464985864752,283.88517633935743,5.0,0.0010592829408921024,186.76623443357954,1.0,,,2.0,0.0010943405311542717,38.64641914919737,1.0,,,,,,,,,,,
201703,880,27,0.0012771119324205922,125.81467241964371,,,,8,0.0007984934553519872,72.32499428723489,1.0,,,5.0,0.0015889050074875666,61.47148220245349,1.0,,,,,,3.0,0.0026055767159588205,77.28973281797643,2.0,0.0004978629075725444,212.9321870859443,4.0,0.0012967156196300967,361.3490485206843,1.0,,,2.0,0.0011888450337209243,35.959402235263916,,,,,,,,,,,,
201704,884,26,0.0013256770568296143,201.96630024025202,,,,8,0.000766786685255893,491.64694100808117,1.0,,,6.0,0.0014351706127411915,94.03632223291534,1.0,,,1.0,,,3.0,0.0026971104619925614,57.5587528481499,,,,4.0,0.0014049636456552566,71.7243256490661,,,,2.0,0.0012402348331642275,32.28245084901383,,,,,,,,,,,,
201705,885,26,0.0013339870926335129,98.35684928859547,,,,8,0.0007760708916468709,157.16676162901985,1.0,,,6.0,0.0014472026106968833,98.61806932129156,1.0,,,1.0,,,3.0,0.0027830720809747626,59.06154537934699,,,,4.0,0.0013966492825290325,59.34923117587643,,,,2.0,0.0011797420350980335,34.00635831802941,,,,,,,,,,,,
201706,891,25,0.0013972090271230197,81.46667795753584,,,,8,0.0007612368624337471,141.93733884941747,1.0,,,5.0,0.001815121846047116,51.752730114750804,1.0,,,1.0,,,3.0,0.0027180184211517493,43.7356265435202,,,,3.0,0.0018256899776934014,30.0485933525772,1.0,,,2.0,0.0009186640290514223,40.85919193179505,,,,,,,,,,,,
201707,896,27,0.0013173674291497486,190.93007890923016,,,,10,0.0006072538175743246,429.07150500146264,1.0,,,5.0,0.0018663862999941355,50.363399903116964,1.0,,,1.0,,,3.0,0.002610283119183161,73.25586007245089,,,,3.0,0.001864252125177577,27.6532976541597,1.0,,,2.0,0.0010062957693616917,36.207994921109304,,,,,,,,,,,,
201708,896,30,0.001240974587207902,141.83957704324737,,,,10,0.0006516767307049195,235.7219026233012,1.0,,,5.0,0.0016443171974983711,59.910102566248455,1.0,,,1.0,,,3.0,0.002952260899140541,67.32261724576712,,,,4.0,0.0013546343622479434,75.18356683515658,1.0,,,2.0,0.0010620456098914231,32.886630791629564,1.0,,,,,,1.0,,,,,
201709,901,28,0.0013392673357543715,127.91539061584926,,,,9,0.0008166960775681273,187.77030377803587,1.0,,,5.0,0.0016736951653117918,60.7015481761749,1.0,,,1.0,,,3.0,0.0029645951764323245,67.15854632775377,,,,4.0,0.001370652773311257,63.859514940504596,1.0,,,2.0,0.0008406551075992753,41.44091856594259,,,,,,,1.0,,,,,
201806,905,28,0.0013186008438155455,160.12093511972606,,,,9,0.0007735589534373653,187.56535683952177,1.0,,,5.0,0.001687129077641404,57.13683300465616,1.0,,,1.0,,,3.0,0.0028979913267097486,111.49407141447489,,,,4.0,0.001408928554434452,52.7388223794751,1.0,,,2.0,0.0009153982963262105,38.29534186175485,,,,,,,1.0,,,,,
201807,907,30,0.0012227569315111475,517.7270740830861,,,,11,0.0005664840806999479,1292.3575525635042,1.0,,,6.0,0.0014529211482589113,79.92576204373545,2.0,0.0010708347366315486,92.53469561247312,1.0,,,3.0,0.003253334531414931,84.99590473342451,,,,3.0,0.001590591389405313,36.88719889074341,1.0,,,2.0,0.00111590185243529,33.08435804280576,,,,,,,,,,,,
201808,907,27,0.0013714365419729203,65.59773065613646,,,,8,0.0007918642597108171,61.205601671014236,1.0,,,6.0,0.0015287091878715359,62.143919323896434,2.0,0.0010017127586694765,122.91768222621961,1.0,,,3.0,0.003297025116432328,71.7590251371549,,,,3.0,0.0015427914862169805,49.669656848022186,1.0,,,2.0,0.001072818706222468,37.14633325307608,,,,,,,,,,,,
201809,909,33,0.0011016762099168244,105.48497909633161,,,,12,0.0006918559106163122,121.33878404594338,1.0,,,6.0,0.0011209414081877246,120.3984229345125,1.0,,,2.0,0.0007825694573096658,50.086168813152796,3.0,0.002891828201398116,85.65787872503309,1.0,,,3.0,0.001367294474449994,37.46875910837348,1.0,,,2.0,0.0009191945043711941,48.566512789779964,,,,,,,1.0,,,,,
201810,909,32,0.0011188827210438525,103.97567525998221,,,,9,0.0008643788560433999,73.81259700824631,1.0,,,7.0,0.0011505639746227686,76.03788780947046,2.0,0.0008459213524252689,425.4012755019764,2.0,0.0011156365757703426,89.49782128192582,2.0,0.004141150744926847,18.539872618230596,1.0,,,4.0,0.0007094396475696096,130.73906075345522,1.0,,,2.0,0.0007004703936918377,67.25754818116266,,,,,,,1.0,,,,,
201811,912,26,0.0013872092099825584,67.93751519779379,,,,7,0.0012765925774448305,47.48057650532427,1.0,,,8.0,0.0010347831015837434,91.34091476387601,1.0,,,1.0,,,2.0,0.0038838455363521167,17.679346723259197,1.0,,,2.0,0.0014787510872517886,29.12713641137487,,,,2.0,0.0002840930362703975,121.2456430478672,,,,,,,1.0,,,,,
201812,914,32,0.0011193639668052567,269.26693936437425,,,,12,0.0009497190048795176,139.8704032299525,1.0,,,8.0,0.0009825766730708553,73.9256276936677,1.0,,,1.0,,,2.0,0.0037779018762052704,16.88690429257715,1.0,,,2.0,0.0013880834384474112,33.05467238130526,1.0,,,2.0,9.006384850278665e-05,442.1573818647155,,,,,,,1.0,,,,,
201901,917,33,0.0010571284498968275,264.4385309781626,,,,13,0.0008333744376027943,390.66119976014994,1.0,,,8.0,0.0009864664363725094,78.22436097580285,1.0,,,1.0,,,2.0,0.0036762540309934503,17.422665570240774,1.0,,,2.0,0.0012704811757499603,39.28989345197283,1.0,,,2.0,0.00011994608949713139,331.0649008411634,,,,,,,1.0,,,,,
201902,922,33,0.0010697672935095952,152.88148929027017,,,,12,0.0008477896402749067,244.11993220786567,1.0,,,7.0,0.0008999603248266922,77.28393208589148,1.0,,,1.0,,,2.0,0.0036021071733321986,21.343830348997532,1.0,,,4.0,0.0007498025100944203,90.95776100386401,1.0,,,2.0,0.0008618845286742843,320.7242568425847,,,,,,,1.0,,,,,
201904,927,34,0.0009744158690335574,567.6074476474159,,,,15,0.0008376403036356765,312.54549639351,1.0,,,5.0,0.001160719853561526,605.6984644334891,1.0,,,1.0,,,3.0,0.0024514478782810944,1701.7840888906655,,,,3.0,0.0002895913050593773,409.27751712298897,1.0,,,3.0,0.001312705287193648,51.75028229764587,,,,,,,1.0,,,,,
201905,931,31,0.001074793672736093,174.68657264664827,,,,11,0.0011343911979122445,103.11542830350407,1.0,,,6.0,0.001103692834114217,304.2645067151296,1.0,,,1.0,,,3.0,0.0020301922331068885,94.3168847382596,,,,2.0,0.00040159385598403707,115.59449313009046,2.0,0.0003867264904944109,104.50332224007127,3.0,0.0009805743455990304,87.42759677896639,,,,,,,1.0,,,,,
201911,931,28,0.0011372216847427932,192.0699785021276,,,,9,0.0013002624487980338,183.52430675226208,1.0,,,5.0,0.0010615162943038413,147.41755286206143,2.0,6.650207543834922e-05,830.6241972386222,1.0,,,3.0,0.002136524658115972,64.68259350362186,,,,3.0,0.0004034452852297962,104.03371250048197,2.0,0.00045038542098775164,191.3546682807984,2.0,0.001416752378806586,183.55871242032077,,,,,,,,,,,,
201912,931,30,0.0010484220864232252,245.687153430148,,,,10,0.0011879513341884113,196.3543781338638,1.0,,,6.0,0.0009195152309783007,303.9254710278685,2.0,9.848581114065694e-05,815.6184061494579,1.0,,,3.0,0.0021978005904127965,54.317117007410445,,,,3.0,0.00035240003921116367,114.99712050912338,2.0,0.00044559934354784607,228.17957207131627,2.0,0.0014631188048476599,424.0709296238177,,,,,,,,,,,,
202001,930,29,0.0011020340808315142,303.4176953595443,,,,9,0.0013980331110640541,112.65118593393248,1.0,,,6.0,0.0009302160416341435,897.7942043426311,2.0,0.0002065123542935343,275.3642527572734,1.0,,,3.0,0.002069366809972912,57.708512556413574,,,,3.0,0.0003164770781698259,161.853024837697,2.0,0.00046379308507120995,184.75762708134488,2.0,0.001445913165010303,328.3414891079919,,,,,,,,,,,,
202002,930,26,0.0012474981868538977,316.21542230031304,,,,9,0.0014721189638080949,660.5107826590523,1.0,,,5.0,0.0009516352230462379,169.23098969868323,1.0,,,,,,4.0,0.00160031400407668,151.99384114545305,,,,3.0,0.0006081475704119463,87.40559692138304,1.0,,,1.0,,,,,,,,,1.0,,,,,
202003,929,25,0.0012796377138113396,198.3084539361853,,,,8,0.0015210362556322388,109.80090689951052,1.0,,,5.0,0.001098630976659167,114.94075686786059,1.0,,,,,,4.0,0.0015029672598859418,266.6180074415421,,,,3.0,0.00066374607516648,80.20157271950882,1.0,,,1.0,,,,,,,,,1.0,,,,,
202004,929,30,0.0010748352491251254,386.9582543463674,,,,10,0.0011963427078406537,508.93516921568954,1.0,,,6.0,0.000937341283642553,377.24469099232994,2.0,0.0003199443574990507,1052.0817276391324,1.0,,,4.0,0.001607830610203433,162.4698526381153,,,,3.0,0.0004645071364984604,197.7520151439161,1.0,,,2.0,0.0013839433195196493,292.2927914348956,,,,,,,,,,,,
202005,929,27,0.0012093806162426811,250.41341298337517,,,,8,0.0014848092235638707,139.97924181778987,1.0,,,5.0,0.0011327011032396081,102.10691451712113,1.0,,,1.0,,,4.0,0.0016901077554561622,115.8683316801534,,,,3.0,0.0004345101039165559,568.89043058359,1.0,,,2.0,0.0014655708938134061,137.77962384420476,,,,,,,1.0,,,,,
202006,929,24,0.001343940189518486,121.32660928712004,,,,9,0.0012859877905759775,89.35430995018417,1.0,,,4.0,0.0010831045481692445,84.17338345626277,1.0,,,,,,3.0,0.0021704728250239724,81.35605194529903,,,,1.0,,,1.0,,,3.0,0.001776910663812496,20.681492694689222,,,,,,,1.0,,,,,
202007,928,23,0.0014870652382521514,162.25463652914135,,,,8,0.001539947017964088,92.05378935885832,1.0,,,4.0,0.0012103606466917212,214.56858444791683,1.0,,,,,,3.0,0.002317423886913236,54.970874981048865,,,,1.0,,,1.0,,,3.0,0.0017544965244596165,21.211818594592774,,,,,,,1.0,,,,,
202008,927,25,0.001359857402076829,186.11194555691844,,,,8,0.0016271808143776653,126.30900244686285,1.0,,,6.0,0.0008804579725160177,140.07026218801755,2.0,0.0006799740302338927,452.1492781816379,,,,4.0,0.0014749966296965173,292.09949615821137,,,,1.0,,,,,,3.0,0.001765694925744503,22.70896259639817,,,,,,,,,,,,
202009,925,28,0.0012854525393216929,131.26163781502996,,,,11,0.0011505218626171275,133.3827229217572,1.0,,,6.0,0.0014125304754473453,206.99204217596977,2.0,0.0003972298631150416,186.5701763627788,,,,4.0,0.001456932305512688,97.01458079579757,,,,1.0,,,,,,2.0,0.002142845051180488,23.589077806671664,,,,1.0,,,,,,,,
202011,925,24,0.0011964025312625713,217.78444186193255,,,,10,0.0010404857549506815,300.7769340490285,1.0,,,5.0,0.0013640069947346571,121.15692583976606,1.0,,,,,,2.0,0.0003412866539873829,368.0769123269616,,,,1.0,,,,,,2.0,0.0025373709995088157,16.38772475823926,,,,2.0,0.00031321929225280805,342.8879061657407,,,,,,
202012,925,24,0.0012262481659570139,474.7162529161996,,,,12,0.000941066121333274,773.5097948939774,1.0,,,4.0,0.0016269172600693212,39.04683583540419,1.0,,,,,,2.0,0.00028459571667394925,874.2429178016766,,,,1.0,,,,,,2.0,0.0024330184733539423,17.035843226857537,,,,1.0,,,,,,,,
202101,926,22,0.0012765827869911498,156.3731920049113,,,,10,0.0012371178277331527,230.93099052784368,1.0,,,5.0,0.0008442778595097837,94.9322555141438,,,,,,,,,,1.0,,,1.0,,,,,,2.0,0.002244857052316301,16.682681963516945,,,,1.0,,,1.0,,,,,
202103,931,20,0.0014588903917718637,54.165401844154204,,,,11,0.0013977647846430132,48.63616545774009,1.0,,,3.0,0.0007784137213040849,86.58055630667901,1.0,,,,,,,,,,,,,,,,,,2.0,0.0025668918347801,18.41950537904269,,,,1.0,,,1.0,,,,,
202104,926,22,0.0013792687154735165,58.640001999654174,,,,13,0.0012694110096607403,56.86235292386409,1.0,,,3.0,0.001175309909342707,67.49292589638026,1.0,,,,,,,,,,,,,,,,,,2.0,0.002592456454648708,16.119232481107804,,,,1.0,,,1.0,,,,,
202105,925,23,0.0012928638751310453,205.5136261443339,1.0,,,13,0.0012815814930041741,83.17788481405361,1.0,,,2.0,0.0013900849239525247,45.461412105615594,2.0,0.0001886573187102619,285.8424771711851,,,,,,,,,,,,,,,,2.0,0.0025531407095586555,17.095484430526202,,,,1.0,,,1.0,,,,,
202106,923,25,0.0011679855298253711,240.31995963542096,1.0,,,13,0.0012651796584907215,183.4412936409312,1.0,,,2.0,0.0014895911391763373,42.3722900081866,1.0,,,,,,2.0,9.069673529789565e-05,638.7219381586526,,,,1.0,,,,,,2.0,0.002317769345799972,19.506166738553855,,,,1.0,,,1.0,,,,,
202107,924,26,0.001171998792102369,629.9624341234488,1.0,,,15,0.001174735660051808,434.0407469708378,1.0,,,2.0,0.0014961377815490163,44.24983886727447,1.0,,,,,,1.0,,,,,,1.0,,,,,,2.0,0.0023642644155167313,19.874949645907837,,,,1.0,,,1.0,,,,,
202108,927,26,0.001206203088439174,112.20873354304045,1.0,,,16,0.001104365394312789,135.94143437314605,1.0,,,2.0,0.001555111914707676,41.64347732101339,1.0,,,,,,,,,,,,,,,,,,2.0,0.002258043006973959,23.770004825103243,,,,1.0,,,1.0,,,1.0,,
202110,936,30,0.0010671980243688714,127.59501562317583,,,,18,0.0010843813039239218,96.07664957584164,1.0,,,1.0,,,4.0,0.0002384827645986822,307.88661623309787,,,,,,,1.0,,,,,,1.0,,,2.0,0.0027290934960418176,19.64882933452123,,,,1.0,,,1.0,,,,,
202111,941,31,0.0010200183269799355,572.2001967547724,,,,21,0.0009839100409360013,186.7338749880123,1.0,,,1.0,,,3.0,0.0002874003511369469,191.77632310234375,,,,,,,1.0,,,,,,1.0,,,2.0,0.002648286369887134,22.298362929440387,,,,,,,1.0,,,,,
202112,947,29,0.0010425372985125804,89.01317339404245,,,,21,0.001089243182394356,72.48662688894265,1.0,,,2.0,0.0006972597628846834,100.38669122960357,2.0,0.0003611367895263079,303.271815427385,,,,,,,1.0,,,,,,,,,1.0,,,,,,1.0,,,,,,,,
202201,956,31,0.0010185378435942098,163.50690457726859,,,,19,0.0011647247530930196,108.6459801296466,1.0,,,2.0,0.0007648030280835829,86.30010278952892,5.0,0.0005745309265306336,375.605560788405,,,,1.0,,,1.0,,,,,,,,,1.0,,,,,,1.0,,,,,,,,
202202,968,30,0.0011120166910458125,103.37408835769862,,,,18,0.0011318544287306908,78.39004657181368,1.0,,,2.0,0.0006478489647702998,164.8263297368186,3.0,0.0008812089338149405,61.701396719858536,,,,2.0,0.0014458011400502852,109.2233495854087,1.0,,,1.0,,,,,,1.0,,,,,,1.0,,,,,,,,
202203,976,29,0.0011886339973567297,761.6803194996903,,,,17,0.001312901182686392,1196.623926469256,1.0,,,2.0,0.0007129782665232777,103.93578486689303,4.0,0.0005419009720287883,246.4343474539883,,,,1.0,,,1.0,,,1.0,,,,,,1.0,,,,,,1.0,,,,,,,,
202204,991,31,0.0012613259017314165,77.52374318716447,,,,17,0.0011412123219162401,65.13730083478926,1.0,,,2.0,0.00024135161546794286,251.56210001404213,4.0,0.0012975963952610707,62.31726092817314,,,,2.0,0.003931163984845969,22.011407630585097,1.0,,,1.0,,,,,,1.0,,,1.0,,,1.0,,,,,,,,
202205,1001,34,0.0011576783282193728,88.90895220386376,,,,18,0.0009459859607915348,100.48798399073492,1.0,,,1.0,,,5.0,0.0009668745265665118,65.68340794891051,,,,2.0,0.004637530464554817,15.599053710448954,2.0,0.00034358028570117795,113.86423423924921,1.0,,,,,,1.0,,,,,,1.0,,,2.0,0.0005814308661213517,143.44236246667796,,,
202207,1022,42,0.001319491886377032,163.6145224295355,1.0,,,20,0.0010849655670839885,155.06244634552732,1.0,,,1.0,,,6.0,0.0006186014661480727,325.46436398760505,2.0,0.0014896127337979807,62.16024839418397,4.0,0.0019049226216169518,52.33434771629558,2.0,0.0002571531889920776,501.29999858224244,1.0,,,,,,2.0,0.006256173325813227,9.63836546263875,1.0,,,,,,1.0,,,,,
202209,1019,39,0.000984999991037022,172.17031899811266,1.0,,,20,0.0007007052441563584,152.9350388751585,1.0,,,3.0,0.0013176157126791692,161.59889351183304,4.0,0.0006853974390688845,201.95637112164545,1.0,,,4.0,0.0024123396849858886,302.05077384304656,,,,1.0,,,,,,2.0,0.002081193451651753,204.89004986416754,,,,1.0,,,1.0,,,,,
202210,1083,33,0.0011364565764280083,798.6007181866511,1.0,,,16,0.0008970161631604659,1060.2515296532133,1.0,,,2.0,0.001419618706901903,149.05982445247324,3.0,0.0005943622237791218,664.8037841316282,,,,5.0,0.0018528993077528999,1314.2206204478357,,,,1.0,,,,,,1.0,,,,,,1.0,,,1.0,,,1.0,,
202211,1095,32,0.00119764297119554,245.19695901978537,1.0,,,16,0.000924583256761837,251.42059945373532,1.0,,,2.0,0.0014348380392891602,97.15643313135324,2.0,0.0009505345488674522,89.24125026351085,1.0,,,4.0,0.0024241477995320245,293.35150920412605,,,,1.0,,,,,,1.0,,,,,,1.0,,,1.0,,,1.0,,
202212,1110,30,0.0012266114426945907,115.2735083978949,1.0,,,14,0.0010551423370961867,69.36095687572175,1.0,,,3.0,0.0009757879969587231,136.60535161165689,2.0,0.000622383549245829,482.3134370701075,,,,5.0,0.0019525424526159855,95.12325600311381,,,,1.0,,,,,,1.0,,,,,,1.0,,,,,,1.0,,
202301,1132,31,0.0011818372437385177,328.65233315930806,1.0,,,16,0.0009568420499892065,263.3421821588244,,,,2.0,0.001372758835329373,74.18273375028087,3.0,0.0003998956582343938,252.9050819064023,,,,5.0,0.002079145714364326,48.1355090261964,,,,1.0,,,,,,1.0,,,,,,1.0,,,,,,1.0,,
202302,1158,39,0.0009875964822276889,182.74342866575134,1.0,,,23,0.0007398966681241576,231.08097006595793,,,,3.0,0.0011808228289062887,71.6272466572709,3.0,0.00032276595916143987,204.4230358855981,,,,5.0,0.0019908982112681268,88.67271941679547,,,,1.0,,,,,,1.0,,,,,,1.0,,,,,,1.0,,
202303,1174,36,0.0010649888096636144,194.7142330557463,1.0,,,19,0.0008658732480998285,232.76028870782184,,,,4.0,0.0008380825177610615,136.91510266006514,3.0,0.00029716530830546656,374.65820584737156,,,,5.0,0.002017470269290947,111.16893752337175,,,,1.0,,,,,,1.0,,,,,,1.0,,,,,,1.0,,
202304,1195,38,0.0010007037168152733,666.6601139832741,1.0,,,18,0.0008367339600284274,255.6531385248429,1.0,,,4.0,0.0010437791558276634,90.8922722061738,3.0,0.0003672994710945997,847.6367248293213,,,,6.0,0.0016837734043405762,465.66929230571674,,,,1.0,,,,,,1.0,,,,,,1.0,,,1.0,,,1.0,,
202305,1212,36,0.0011167127967884561,196.8553301443676,1.0,,,20,0.0010522773053374408,261.08664956320365,,,,4.0,0.000773724349322023,91.92288839295404,2.0,0.0004067815797615043,157.52276020380822,,,,5.0,0.0017077650362037513,82.8820215195407,,,,1.0,,,,,,1.0,,,,,,1.0,,,,,,1.0,,
202307,1243,39,0.0010991930630580044,88.03703731228872,1.0,,,23,0.0011311071720450478,80.00831671430925,,,,1.0,,,2.0,0.00040875052353700784,143.26573527345806,,,,6.0,0.0012011207645701717,100.32882968827634,,,,2.0,0.0006415025421654113,110.36826286633232,,,,1.0,,,,,,1.0,,,1.0,,,1.0,,
202308,1255,40,0.001003893450876838,486.87868226574864,,,,23,0.0011853634335509972,717.3727666701072,,,,2.0,0.00017022702451123338,348.9621058657473,1.0,,,,,,7.0,0.0008883495837148732,172.9383947446018,,,,2.0,0.0006559958050525396,77.6545584523078,,,,1.0,,,,,,2.0,0.00020486818501175028,61.47167280493281,1.0,,,1.0,,
202309,1273,39,0.0009371662320551014,190.48257397312858,,,,23,0.0010794653112972514,154.37425320228016,,,,3.0,0.00028845351414976756,553.7059217471491,,,,,,,6.0,0.000749589580608444,294.938227062436,,,,2.0,0.0007582890421667804,60.89867623056807,,,,1.0,,,,,,2.0,0.00034382665467586916,34.069716885826494,1.0,,,1.0,,
202310,1364,41,0.0009444903504072676,316.2036801096346,,,,27,0.00098427241397772,327.83866316557356,,,,2.0,0.00030666141057793424,379.0841949334029,,,,,,,6.0,0.0009504971467115008,485.9870242061134,,,,2.0,0.000775435469706962,60.0534237245134,,,,1.0,,,,,,1.0,,,1.0,,,1.0,,
202311,1371,43,0.0009451525509799224,198.600765069607,,,,28,0.0009706757544325421,112.11719357034193,,,,2.0,0.000181364204614522,330.79860265919297,,,,,,,7.0,0.0009775073896984188,484.66968463001297,,,,2.0,0.0008436124337130267,53.91680749658754,,,,1.0,,,,,,1.0,,,1.0,,,1.0,,
202312,1377,48,0.0008958371996339,369.73823793434303,,,,32,0.0008991746309119763,134.23656342935533,,,,2.0,0.00012148265892013487,776.044608431889,,,,,,,8.0,0.0008962355205183686,1322.2040473007958,,,,2.0,0.0008666834079598225,51.58430081640114,,,,1.0,,,,,,1.0,,,1.0,,,1.0,,
202401,1381,46,0.0009345324677674128,214.04040483872024,,,,32,0.0008983286996076386,220.3691833051031,,,,1.0,,,,,,,,,7.0,0.0010504009442354586,80.72265347003473,,,,2.0,0.0007669077378945569,59.317874192816106,,,,1.0,,,,,,1.0,,,1.0,,,1.0,,
202402,1385,43,0.000992120205638827,362.6555625050767,,,,29,0.0009653118039734839,409.1807521565035,,,,,,,1.0,,,,,,7.0,0.0010382434858599804,238.12591989439926,,,,1.0,,,1.0,,,1.0,,,,,,1.0,,,1.0,,,1.0,,
202403,1386,38,0.001102099543536466,414.0357249033568,,,,23,0.0011010709445161775,169.1739584664274,,,,,,,,,,,,,7.0,0.0011318930042572574,1521.9765239473527,,,,1.0,,,1.0,,,1.0,,,,,,1.0,,,2.0,0.0015347558709260718,288.5602163698296,2.0,0.0005817274967614652,204.64752509171237
202404,1388,41,0.0010457866747146738,136.44056532103866,,,,25,0.00110369121196935,105.57198364158785,,,,,,,1.0,,,,,,7.0,0.0009351621511533109,113.6539650388696,,,,1.0,,,1.0,,,1.0,,,,,,1.0,,,2.0,0.0017504820453775232,314.77363437024707,2.0,0.0005311053452783526,336.42171158806025
202405,1389,41,0.0010488717068479715,126.46685080743123,,,,26,0.0010773681980403092,114.99370450150087,,,,,,,1.0,,,,,,7.0,0.000844507063989168,104.79499878778718,,,,1.0,,,1.0,,,1.0,,,,,,,,,2.0,0.0018468609012019413,155.17522193753268,2.0,0.000677787138462528,350.8927900416851
202406,1399,42,0.000990548695323821,132.06265185573778,,,,28,0.0009761893358338345,105.41288941539622,,,,,,,1.0,,,,,,6.0,0.0008887861343957886,131.4538185341404,,,,1.0,,,1.0,,,1.0,,,,,,,,,2.0,0.0017631150705474216,153.66916650330296,2.0,0.0005959641212516822,482.459748445473
202407,1398,41,0.001238955666802531,297.0109297672739,,,,26,0.0011800300213787537,424.72530741678196,,,,1.0,,,,,,,,,6.0,0.0012063311357876263,82.37402999035629,,,,1.0,,,1.0,,,2.0,0.0016670578806565971,30.04475857428884,,,,1.0,,,2.0,0.0024403945301898766,103.06644548885541,1.0,,
202408,1394,43,0.0011818136963132947,184.0220727727457,,,,26,0.0012082248851376755,157.14788870505987,,,,1.0,,,1.0,,,,,,6.0,0.0010413877532151519,141.22520700433356,,,,2.0,0.0007478539340534766,55.81168376307183,1.0,,,2.0,0.0011427805623252121,88.42968053443388,,,,1.0,,,2.0,0.0025482747386580597,72.54377427816101,1.0,,
202409,1395,41,0.0012237157256485482,179.20994216745078,,,,25,0.001269770173986192,100.85030699286716,,,,1.0,,,1.0,,,,,,6.0,0.0009842492451781495,205.76891197489547,,,,2.0,0.0007266225531005214,56.56140314526387,,,,2.0,0.0010862684543575117,96.29789972871285,,,,1.0,,,2.0,0.00250961124955213,76.10842495074971,1.0,,
202410,1420,40,0.0010728585816319127,168.53043591024394,,,,27,0.0010630875185117432,165.89779631059287,1.0,,,,,,,,,,,,4.0,0.0012244099548781608,95.75304970703382,,,,1.0,,,1.0,,,2.0,0.0008695504793712072,57.580418643597895,,,,1.0,,,2.0,0.0021671239892538208,78.0111151288963,1.0,,
202411,1423,39,0.0011055144897002766,190.59016478397035,,,,25,0.0012095136329925678,100.68205035290053,1.0,,,,,,,,,,,,4.0,0.001263594842037176,130.2248749146508,,,,1.0,,,1.0,,,3.0,0.0004938539537321238,778.7546628732734,,,,1.0,,,2.0,0.0021309511770589385,85.41306263799252,1.0,,
202412,1426,42,0.0010575397759659017,162.65881094556192,,,,26,0.001180341907822707,115.13401372860844,2.0,0.00044309569529894354,228.55225454359336,1.0,,,,,,,,,4.0,0.001272342915285819,120.2263627458322,,,,1.0,,,1.0,,,3.0,0.000487169024478834,351.8178384714477,,,,1.0,,,2.0,0.0022246943253374173,85.7130158861979,1.0,,
202501,1431,44,0.0009982710812223986,214.28888495420298,,,,28,0.0011054469584153605,207.65468836256022,2.0,0.0003062575168743745,654.8263838990842,1.0,,,,,,,,,4.0,0.0011398447260942796,155.2378038401353,,,,1.0,,,1.0,,,3.0,0.0004962212622932309,164.91798972528835,,,,1.0,,,2.0,0.0021763265107474705,107.90376532556229,1.0,,
202503,1437,42,0.0009405974236697907,1344.2994889789989,,,,29,0.0010288730651340468,1854.6135079026963,1.0,,,2.0,0.00025687434835032047,253.6278670606756,,,,,,,3.0,0.0010953733264617716,198.062714548014,,,,,,,1.0,,,3.0,0.0006602823479665681,305.2786321375999,,,,1.0,,,2.0,0.0011099961722400005,138.4102867852294,,,
202504,1436,43,0.000924690325904827,195.83065072294164,,,,30,0.0009858309067252518,185.32227284887497,1.0,,,2.0,0.00040518504014472903,156.46563098995003,,,,,,,3.0,0.0011274897949212828,194.85981060782856,,,,,,,1.0,,,3.0,0.0007364540970541516,430.04192609756154,,,,1.0,,,2.0,0.0010021728550878553,139.57791363354715,,,
